Date,portfolio_return,pnl_inr
2018-01-02,-0.003713587804614027,-37135.88
2018-01-03,0.0020984455143628613,20984.46
2018-01-04,0.008483544569493708,84835.45
2018-01-05,0.0049363520811309585,49363.52
2018-01-08,0.0008113387136454381,8113.39
2018-01-09,0.00027274668034265394,2727.47
2018-01-10,0.0008047356422047448,8047.36
2018-01-11,0.0027830810833603882,27830.81
2018-01-12,0.0025742719314608134,25742.72
2018-01-15,0.0025808037017562096,25808.04
2018-01-16,-0.0037032518906910663,-37032.52
2018-01-17,0.010318178124158866,103181.78
2018-01-18,0.0013723872808868087,13723.87
2018-01-19,0.008803597666033535,88035.98
2018-01-22,0.00993607608938124,99360.76
2018-01-23,0.01168824897081958,116882.49
2018-01-24,-0.007377718621719012,-73777.19
2018-01-25,-0.004979436505754515,-49794.37
2018-01-29,0.0030710401180596442,30710.4
2018-01-30,-0.005028758952231268,-50287.59
2018-01-31,-0.004040062631514603,-40400.63
2018-02-01,-0.005999882766606817,-59998.83
2018-02-02,-0.02457669759596083,-245766.98
2018-02-05,-0.0023426628485631374,-23426.63
2018-02-06,-0.012690368797267555,-126903.69
2018-02-07,-0.004966348491335949,-49663.48
2018-02-08,0.011748576937333444,117485.77
2018-02-09,-0.010383814974965596,-103838.15
2018-02-12,0.006128204644910772,61282.05
2018-02-14,-0.002751486431786388,-27514.86
2018-02-15,0.0034541902923012273,34541.9
2018-02-16,-0.01131970127134244,-113197.01
2018-02-19,-0.008512734053848907,-85127.34
2018-02-20,-0.0016681624659242074,-16681.62
2018-02-21,0.003917607771336996,39176.08
2018-02-22,-0.0007935690102817701,-7935.69
2018-02-23,0.01286040770102985,128604.08
2018-02-26,0.004059680830622197,40596.81
2018-02-27,-0.0004327209334620102,-4327.21
2018-02-28,-0.005748558966918605,-57485.59
2018-03-01,-0.006162328079589744,-61623.28
2018-03-05,-0.0066475805773487905,-66475.81
2018-03-06,-0.01683290884623366,-168329.09
2018-03-07,-0.015779744928947927,-157797.45
2018-03-08,0.012697653720543949,126976.54
2018-03-09,-0.0024002102993513057,-24002.1
2018-03-12,0.018564056756476436,185640.57
2018-03-13,-0.0010515187936245905,-10515.19
2018-03-14,-0.0007708286515385478,-7708.29
2018-03-15,-0.006742376203346852,-67423.76
2018-03-16,-0.012501146892868586,-125011.47
2018-03-19,-0.009969569046520688,-99695.69
2018-03-20,0.002565658529598441,25656.59
2018-03-21,0.006438392030508477,64383.92
2018-03-22,-0.005032477176905136,-50324.77
2018-03-23,-0.013185517378342861,-131855.17
2018-03-26,0.017388009587143597,173880.1
2018-03-27,0.0038994010627845916,38994.01
2018-03-28,-0.014062643530362517,-140626.44
2018-04-02,0.0041781394576386665,41781.39
2018-04-03,0.00796824247100267,79682.42
2018-04-04,-0.010560522269764139,-105605.22
2018-04-05,0.01886791612579972,188679.16
2018-04-06,-0.0010436145681596341,-10436.15
2018-04-09,0.0024220198447463814,24220.2
2018-04-10,0.005490228682688129,54902.29
2018-04-11,0.0039131833294601985,39131.83
2018-04-12,0.0018911703737182484,18911.7
2018-04-13,3.4960080953128916e-05,349.6
2018-04-16,0.0018164445319042801,18164.45
2018-04-17,0.003925959229065371,39259.59
2018-04-18,-0.0020111841965097356,-20111.84
2018-04-19,0.006906849610295046,69068.5
2018-04-20,0.0013011171904496336,13011.17
2018-04-23,0.002339963516747049,23399.64
2018-04-24,0.007339720317735076,73397.2
2018-04-25,0.00048406323024084914,4840.63
2018-04-26,-0.00010283346501627243,-1028.33
2018-04-27,0.010325902171047452,103259.02
2018-04-30,0.0023375984844639405,23375.98
2018-05-02,-0.004859647627358762,-48596.48
2018-05-03,-0.0020237659172651344,-20237.66
2018-05-04,-0.005994602405818176,-59946.02
2018-05-07,0.010770864097708516,107708.64
2018-05-08,0.004658302264539597,46583.02
2018-05-09,0.002522529362985244,25225.29
2018-05-10,0.0007279577386659684,7279.58
2018-05-11,0.0009555577258829629,9555.58
2018-05-14,-0.0005842560885291114,-5842.56
2018-05-15,-0.0018511683673274812,-18511.68
2018-05-16,-0.009201142153755547,-92011.42
2018-05-17,-0.006137709004500345,-61377.09
2018-05-18,-0.012502215717309209,-125022.16
2018-05-21,-0.0021810214366720067,-21810.21
2018-05-22,0.003970626867044652,39706.27
2018-05-23,-0.004922666394865132,-49226.66
2018-05-24,0.015876445337400413,158764.45
2018-05-25,0.005931849593181325,59318.5
2018-05-28,0.008118134748251281,81181.35
2018-05-29,-0.00462247952078342,-46224.8
2018-05-30,-0.0016251381033462722,-16251.38
2018-05-31,0.008488018834330901,84880.19
2018-06-01,0.001573968172783314,15739.68
2018-06-04,-0.007273299377368287,-72732.99
2018-06-05,-0.004282152467577158,-42821.52
2018-06-06,0.01207597841849702,120759.78
2018-06-07,0.009607874819842672,96078.75
2018-06-08,0.0038150656618374927,38150.66
2018-06-11,0.0036704023341701066,36704.02
2018-06-12,0.0070087641205392156,70087.64
2018-06-13,0.002406374202134467,24063.74
2018-06-14,-0.0033551061737557594,-33551.06
2018-06-15,0.0023086151557162485,23086.15
2018-06-18,-0.0011515937118747519,-11515.94
2018-06-19,-0.008598628177473809,-85986.28
2018-06-20,0.007524422458766345,75244.22
2018-06-21,-0.002340868881842776,-23408.69
2018-06-22,0.006571979895070306,65719.8
2018-06-25,-0.006952128744376405,-69521.29
2018-06-26,-0.0008382941233707214,-8382.94
2018-06-27,-0.008888129263271882,-88881.29
2018-06-28,-0.006790860395033415,-67908.6
2018-06-29,0.011963480020817156,119634.8
2018-07-02,-0.007707391715212,-77073.92
2018-07-03,0.004386048560346169,43860.49
2018-07-04,0.006689953775610429,66899.54
2018-07-05,-0.005375908063363796,-53759.08
2018-07-06,0.0025846287114681308,25846.29
2018-07-09,0.008878074887902977,88780.75
2018-07-10,0.00993014804749766,99301.48
2018-07-11,0.001179273047768275,11792.73
2018-07-12,0.010917141436335924,109171.41
2018-07-13,-0.00032475123582715394,-3247.51
2018-07-16,-0.016414627072229595,-164146.27
2018-07-17,0.008249681119146644,82496.81
2018-07-18,-0.006252965571141384,-62529.66
2018-07-19,0.0032254775363581003,32254.78
2018-07-20,0.009732639035590901,97326.39
2018-07-23,0.012357842134169534,123578.42
2018-07-24,0.0018995798634331338,18995.8
2018-07-25,-0.00029899178007498803,-2989.92
2018-07-26,0.008049109605130413,80491.1
2018-07-27,0.00891805009512162,89180.5
2018-07-30,0.015778372529753556,157783.73
2018-07-31,0.009048768004257194,90487.68
2018-08-01,-0.0025203950723328727,-25203.95
2018-08-02,-0.011214330992362999,-112143.31
2018-08-03,0.00850511923018152,85051.19
2018-08-06,0.00932619213421164,93261.92
2018-08-07,-0.0019517629615147481,-19517.63
2018-08-08,0.009670150406163754,96701.5
2018-08-09,0.0005329444686019641,5329.44
2018-08-10,-0.007006506675128911,-70065.07
2018-08-13,-0.006656611667522396,-66566.12
2018-08-14,0.008943520888120846,89435.21
2018-08-16,7.174631737435534e-05,717.46
2018-08-17,0.008424059661190508,84240.6
2018-08-20,0.00918599557637259,91859.96
2018-08-21,-3.277677424978322e-05,-327.77
2018-08-23,0.004017771886478704,40177.72
2018-08-24,-0.003048843056762853,-30488.43
2018-08-27,0.013560815576097611,135608.16
2018-08-28,0.004317964728235297,43179.65
2018-08-29,-0.003928097790652122,-39280.98
2018-08-30,0.0023082042243322454,23082.04
2018-08-31,-0.003472723748451056,-34727.24
2018-09-03,-0.009948481335815114,-99484.81
2018-09-04,-0.006399703007717113,-63997.03
2018-09-05,-0.0057334320658609435,-57334.32
2018-09-06,0.005066585552199974,50665.86
2018-09-07,0.010648680054638263,106486.8
2018-09-10,-0.012724403936926,-127244.04
2018-09-11,-0.014475015278848698,-144750.15
2018-09-12,0.007021008639976587,70210.09
2018-09-14,0.010242435046149932,102424.35
2018-09-17,-0.012566420960271593,-125664.21
2018-09-18,-0.010057554102804674,-100575.54
2018-09-19,-0.004202836647829589,-42028.37
2018-09-21,-0.0011098808450124647,-11098.81
2018-09-24,-0.012511069952927896,-125110.7
2018-09-25,0.00941807263804602,94180.73
2018-09-26,-0.0014121559950511968,-14121.56
2018-09-27,-0.0028327239939420165,-28327.24
2018-09-28,-0.008205299380829747,-82052.99
2018-10-01,0.003856975336827787,38569.75
2018-10-03,-0.020802365107225496,-208023.65
2018-10-04,-0.02366625018812201,-236662.5
2018-10-05,-0.0258315935728847,-258315.94
2018-10-08,0.009516738066646846,95167.38
2018-10-09,-0.01039967155598422,-103996.72
2018-10-10,0.016305249998179762,163052.5
2018-10-11,-0.025779920350062907,-257799.2
2018-10-12,0.020636437790427252,206364.38
2018-10-15,0.0021145520277171034,21145.52
2018-10-16,0.011425955051247943,114259.55
2018-10-17,-0.01367812876490326,-136781.29
2018-10-19,-0.010410820474263833,-104108.2
2018-10-22,-0.003689960888477882,-36899.61
2018-10-23,-0.014033899150785265,-140338.99
2018-10-24,0.013141999777781625,131420.0
2018-10-25,-0.01501871963531565,-150187.2
2018-10-26,-0.004298480664250046,-42984.81
2018-10-29,0.031301640621328695,313016.41
2018-10-30,-0.004124747127439288,-41247.47
2018-10-31,0.013518850919943594,135188.51
2018-11-01,-0.0008885365715577179,-8885.37
2018-11-02,0.015323491749551615,153234.92
2018-11-05,0.004545391929767817,45453.92
2018-11-06,0.002254403309089854,22544.03
2018-11-07,0.006271286559518339,62712.87
2018-11-09,-0.0056526720707332926,-56526.72
2018-11-12,-0.010185542351381595,-101855.42
2018-11-13,0.008010983437285138,80109.83
2018-11-14,0.0019106224087173719,19106.22
2018-11-15,0.0032896652445473457,32896.65
2018-11-16,0.01677952157236888,167795.22
2018-11-19,0.008112338532765911,81123.39
2018-11-20,-0.010054459255962683,-100544.59
2018-11-21,-0.007063159212916778,-70631.59
2018-11-22,-0.008927940779505136,-89279.41
2018-11-26,0.012524408739345001,125244.09
2018-11-27,0.00384801890026642,38480.19
2018-11-28,0.002995949765130946,29959.5
2018-11-29,0.009994009409028528,99940.09
2018-11-30,-0.0014379439609193793,-14379.44
2018-12-03,-0.0008795272953425956,-8795.27
2018-12-04,-0.0045514300805085915,-45514.3
2018-12-05,-0.010030256906699668,-100302.57
2018-12-06,-0.01621269789730322,-162126.98
2018-12-07,0.006406190276820364,64061.9
2018-12-10,-0.019509072474263135,-195090.72
2018-12-11,0.004507992111246561,45079.92
2018-12-12,0.02047123068475452,204712.31
2018-12-13,0.0018698727311829036,18698.73
2018-12-14,0.007635787150755797,76357.87
2018-12-17,0.005207757122892956,52077.57
2018-12-18,0.005590877557440834,55908.78
2018-12-19,0.005300228908159218,53002.29
2018-12-20,-0.005103450387886357,-51034.5
2018-12-21,-0.020901495855326233,-209014.96
2018-12-24,-0.00363001000520967,-36300.1
2018-12-26,0.007426608288391819,74266.08
2018-12-27,0.003070227329466428,30702.27
2018-12-28,0.006230314371551899,62303.14
2018-12-31,-0.0012476931251871703,-12476.93
2019-01-01,0.0051948453700406015,51948.45
2019-01-02,-0.010061627171930617,-100616.27
2019-01-03,-0.00841950502261562,-84195.05
2019-01-04,0.005731749310956486,57317.49
2019-01-07,0.004489002470036915,44890.02
2019-01-08,0.008033933618099242,80339.34
2019-01-09,0.00525338391195757,52533.84
2019-01-10,-0.0007216322255988946,-7216.32
2019-01-11,-0.006133638102099227,-61336.38
2019-01-14,-0.004905883033512553,-49058.83
2019-01-15,0.014196640306224004,141966.4
2019-01-16,0.0002499736211022325,2499.74
2019-01-17,-0.0036455963423102345,-36455.96
2019-01-18,-0.005778729802665746,-57787.3
2019-01-21,0.009045093842256251,90450.94
2019-01-22,-0.006005472756139424,-60054.73
2019-01-23,-0.006973731796777239,-69737.32
2019-01-24,0.002059773882364997,20597.74
2019-01-25,-0.005587679353824785,-55876.79
2019-01-28,-0.009295780334175992,-92957.8
2019-01-29,-0.0003359025723389409,-3359.03
2019-01-30,0.0031638454008477332,31638.45
2019-01-31,0.016502143176967767,165021.43
2019-02-01,0.006272311951063761,62723.12
2019-02-04,0.0024099736075989284,24099.74
2019-02-05,0.0007839014063388079,7839.01
2019-02-06,0.012081629717284152,120816.3
2019-02-07,0.0005870181977603523,5870.18
2019-02-08,-0.009216569660184347,-92165.7
2019-02-11,-0.007537564037582848,-75375.64
2019-02-12,-0.003931703665330115,-39317.04
2019-02-14,-0.015858651851379593,-158586.52
2019-02-15,-0.0015219118506442511,-15219.12
2019-02-18,-0.011886298189991727,-118862.98
2019-02-19,-0.0011805806574767415,-11805.81
2019-02-20,0.012666254495535142,126662.54
2019-02-21,0.005340726032338192,53407.26
2019-02-22,0.001590174365927766,15901.74
2019-02-25,0.008475376362846242,84753.76
2019-02-26,-0.00550778301681802,-55077.83
2019-02-27,0.0024317274300100994,24317.27
2019-02-28,-0.0027758362287822525,-27758.36
2019-03-01,0.0014777710612284224,14777.71
2019-03-05,0.008790332338244836,87903.32
2019-03-06,0.007343814218422676,73438.14
2019-03-07,0.003911281515116624,39112.82
2019-03-08,-0.0018404474577829112,-18404.47
2019-03-11,0.02045753064078975,204575.31
2019-03-12,0.01866024836439353,186602.48
2019-03-13,0.0006562673891884953,6562.67
2019-03-14,-1.9552679211192652e-05,-195.53
2019-03-15,0.0029507797625472937,29507.8
2019-03-18,0.00014404396622517566,1440.44
2019-03-19,0.00822417118368744,82241.71
2019-03-20,-0.0011255840080353137,-11255.84
2019-03-22,-0.00791141209915262,-79114.12
2019-03-25,-0.011117570166009698,-111175.7
2019-03-26,0.0137894242774453,137894.24
2019-03-27,-0.00578549130523474,-57854.91
2019-03-28,0.013359025671214247,133590.26
2019-04-01,0.015127293128480055,151272.93
2019-04-02,0.0075390906366745135,75390.91
2019-04-03,-0.009849313280479648,-98493.13
2019-04-04,-0.004393078527423911,-43930.79
2019-04-05,0.0029949246051725357,29949.25
2019-04-08,-0.004871009037564862,-48710.09
2019-04-09,0.004322018590485513,43220.19
2019-04-10,-0.011483909283853585,-114839.09
2019-04-11,0.004142583822213344,41425.84
2019-04-12,0.0018490659190576616,18490.66
2019-04-15,0.005162294243921356,51622.94
2019-04-16,0.008605769575006186,86057.7
2019-04-18,0.0008957285101625555,8957.29
2019-04-22,-0.010373534801906996,-103735.35
2019-04-23,-0.002464980729681537,-24649.81
2019-04-24,0.013403454905831861,134034.55
2019-04-25,-0.0074939378421680055,-74939.38
2019-04-26,0.010884028517778125,108840.29
2019-04-30,-0.0010173653219292947,-10173.65
2019-05-02,-0.002342243777070225,-23422.44
2019-05-03,0.0012707538037321484,12707.54
2019-05-06,-0.006207462396900495,-62074.62
2019-05-07,-0.01272600688509265,-127260.07
2019-05-08,-0.012873612152532993,-128736.12
2019-05-09,-0.008973440054913302,-89734.4
2019-05-10,0.0019828561248468792,19828.56
2019-05-13,-0.015267990716786216,-152679.91
2019-05-14,0.015018582954857291,150185.83
2019-05-15,-0.007007112188476905,-70071.12
2019-05-16,0.005208885330162133,52088.85
2019-05-17,0.010858729003846889,108587.29
2019-05-20,0.03956623241073804,395662.32
2019-05-21,-0.011360313792440478,-113603.14
2019-05-22,0.0044454203819218625,44454.2
2019-05-23,-0.005562704714993113,-55627.05
2019-05-24,0.02193466506597238,219346.65
2019-05-27,0.0038692392487908994,38692.39
2019-05-28,0.00035532123655944523,3553.21
2019-05-29,-0.008573351692538075,-85733.52
2019-05-30,0.008033932753092606,80339.33
2019-05-31,-0.00023251718396206038,-2325.17
2019-06-03,0.014023085780830391,140230.86
2019-06-04,-0.006401172609259209,-64011.73
2019-06-06,-0.014241318039989818,-142413.18
2019-06-07,0.002983318132028519,29833.18
2019-06-10,0.007929538841675137,79295.39
2019-06-11,0.0023300253369243204,23300.25
2019-06-12,-0.0033739935533296543,-33739.94
2019-06-13,0.0023787902287844415,23787.9
2019-06-14,-0.00711237760728191,-71123.78
2019-06-17,-0.01630541420882137,-163054.14
2019-06-18,0.0011973547256875637,11973.55
2019-06-19,-0.001207620969880271,-12076.21
2019-06-20,0.017071055079272535,170710.55
2019-06-21,-0.009329101276787932,-93291.01
2019-06-24,-0.0001042802944745926,-1042.8
2019-06-25,0.008968627232259782,89686.27
2019-06-26,0.0035122707771860955,35122.71
2019-06-27,5.696261454905371e-05,569.63
2019-06-28,-0.005963833257838145,-59638.33
2019-07-01,0.0061360969113860185,61360.97
2019-07-02,0.0045177295563839925,45177.3
2019-07-03,0.0002827329338421186,2827.33
2019-07-04,0.0036051473299311882,36051.47
2019-07-05,-0.011261769826333385,-112617.7
2019-07-08,-0.020137963354159755,-201379.63
2019-07-09,0.005660035457291417,56600.35
2019-07-10,-0.004793238165723143,-47932.38
2019-07-11,0.006508042895035412,65080.43
2019-07-12,-0.0013678187761916993,-13678.19
2019-07-15,0.0013003618356035986,13003.62
2019-07-16,0.006212045573727306,62120.46
2019-07-17,0.00011657352067055884,1165.74
2019-07-18,-0.012840674921870084,-128406.75
2019-07-19,-0.013469205625612091,-134692.06
2019-07-22,0.0023603140998920916,23603.14
2019-07-23,-0.0029925628875743762,-29925.63
2019-07-24,-0.005447277567942281,-54472.78
2019-07-25,-0.0011353973717062637,-11353.97
2019-07-26,-8.072342228351392e-05,-807.23
2019-07-29,-0.0036616326468856433,-36616.33
2019-07-30,-0.00668605224600897,-66860.52
2019-07-31,0.0009239705993113268,9239.71
2019-08-01,-0.013482736226231546,-134827.36
2019-08-02,0.006534213333109792,65342.13
2019-08-05,-0.009234404945738546,-92344.05
2019-08-06,0.005840937556230868,58409.38
2019-08-07,-0.01146312689697039,-114631.27
2019-08-08,0.01925457020698001,192545.7
2019-08-09,0.0054073328743338795,54073.33
2019-08-13,-0.006823772227656696,-68237.72
2019-08-14,0.01141669549361124,114166.95
2019-08-16,-0.00015986505765762238,-1598.65
2019-08-19,0.0010923742261677526,10923.74
2019-08-20,-0.001716161565876571,-17161.62
2019-08-21,-0.007563621369786223,-75636.21
2019-08-22,-0.01359205907595558,-135920.59
2019-08-23,0.008979042404708806,89790.42
2019-08-26,0.015605813754239431,156058.14
2019-08-27,0.0008189992590934632,8189.99
2019-08-28,-0.007848606717520102,-78486.07
2019-08-29,-0.008743005626359057,-87430.06
2019-08-30,0.008132909044871068,81329.09
2019-09-03,-0.022601709589686964,-226017.1
2019-09-04,0.005151288001927327,51512.88
2019-09-05,-0.0004949481519409139,-4949.48
2019-09-06,0.0075055392568382055,75055.39
2019-09-09,0.006837193952139946,68371.94
2019-09-11,0.004889268311816713,48892.68
2019-09-12,-0.0054936797075519125,-54936.8
2019-09-13,0.005503143882237135,55031.44
2019-09-16,-0.006805921135876759,-68059.21
2019-09-17,-0.016897974670568198,-168979.75
2019-09-18,0.002302960765631178,23029.61
2019-09-19,-0.0133302157770215,-133302.16
2019-09-20,0.06131933150194846,613193.32
2019-09-23,0.018597039716965684,185970.4
2019-09-24,0.0020961574272106405,20961.57
2019-09-25,-0.016742512565073645,-167425.13
2019-09-26,0.013474357497770754,134743.57
2019-09-27,-0.002678354509532519,-26783.55
2019-09-30,0.001781163272799248,17811.63
2019-10-01,-0.015824535844420735,-158245.36
2019-10-03,-0.004740581681962259,-47405.82
2019-10-04,-0.012112395558083144,-121123.96
2019-10-07,-0.0045331671639703836,-45331.67
2019-10-09,0.023529729774661255,235297.3
2019-10-10,0.0006836688963014738,6836.69
2019-10-11,0.0046935952987449915,46935.95
2019-10-14,0.007135629124425257,71356.29
2019-10-15,0.005502999111058227,55029.99
2019-10-16,0.0006644395242771015,6644.4
2019-10-17,0.012436530617317648,124365.31
2019-10-18,0.00669278593332386,66927.86
2019-10-22,-0.006887054479240193,-68870.54
2019-10-23,-0.001169821905605657,-11698.22
2019-10-24,0.0030440484778325536,30440.48
2019-10-25,0.012127760712205688,121277.61
2019-10-27,0.0025887304083264846,25887.3
2019-10-29,0.01171811067167253,117181.11
2019-10-30,0.010657507415550504,106575.07
2019-10-31,0.005403840278817045,54038.4
2019-11-01,-0.002195526048342432,-21955.26
2019-11-04,0.0035134207113306504,35134.21
2019-11-05,-0.0002330793625938503,-2330.79
2019-11-06,-0.0010485284228319252,-10485.28
2019-11-07,0.004208547876405659,42085.48
2019-11-08,-0.009721094676485784,-97210.95
2019-11-11,-0.0011635326189750076,-11635.33
2019-11-13,-0.0020173295020602883,-20173.3
2019-11-14,0.0015111947164301292,15111.95
2019-11-15,0.013929557665030554,139295.58
2019-11-18,0.001980003759603953,19800.04
2019-11-19,0.012035330516393432,120353.31
2019-11-20,0.0070600422447171275,70600.42
2019-11-21,-0.0034887602245651595,-34887.6
2019-11-22,-0.0059367272433310525,-59367.27
2019-11-25,0.017276155960188447,172761.56
2019-11-26,-0.006353156745416234,-63531.57
2019-11-27,0.004655280765194751,46552.81
2019-11-28,0.006829133380590616,68291.33
2019-11-29,-0.009052272563396207,-90522.73
2019-12-02,0.0033086476133052933,33086.48
2019-12-03,-0.004882341082938838,-48823.41
2019-12-04,0.004519081499312411,45190.81
2019-12-05,-0.004504419503068041,-45044.2
2019-12-06,-0.008417430814560069,-84174.31
2019-12-09,-0.0011375114230835284,-11375.11
2019-12-10,-0.004229041660372171,-42290.42
2019-12-11,0.0015675050718648128,15675.05
2019-12-12,0.004265012921550742,42650.13
2019-12-13,0.008705557868865395,87055.58
2019-12-16,-0.004892963774031873,-48929.64
2019-12-17,0.01022245252416325,102224.53
2019-12-18,0.004709316356548898,47093.16
2019-12-19,0.009236164892021555,92361.65
2019-12-20,0.003623623341656483,36236.23
2019-12-23,-0.0037543281557212583,-37543.28
2019-12-24,-0.00476618616335307,-47661.86
2019-12-26,-0.010945375414872024,-109453.75
2019-12-27,0.011622412639802142,116224.13
2019-12-30,0.0010723845730390169,10723.85
2019-12-31,-0.008539777439641516,-85397.77
2020-01-01,0.0008615519225236468,8615.52
2020-01-02,0.008483584053741895,84835.84
2020-01-03,-0.002342169246032853,-23421.69
2020-01-06,-0.01913691070151957,-191369.11
2020-01-07,0.003798801386971088,37988.01
2020-01-08,0.001780168665141075,17801.69
2020-01-09,0.015681605948679466,156816.06
2020-01-10,0.003335577025538741,33355.77
2020-01-13,0.006542405347096829,65424.05
2020-01-14,0.0003703107026687745,3703.11
2020-01-15,-0.0007199067554490888,-7199.07
2020-01-16,0.0031773827906067613,31773.83
2020-01-17,0.007482444682848608,74824.45
2020-01-20,-0.008091417989570603,-80914.18
2020-01-21,-0.005288682094919241,-52886.82
2020-01-22,-0.0006532984686757276,-6532.98
2020-01-23,0.008023266624090914,80232.67
2020-01-24,0.0020187534956598863,20187.53
2020-01-27,-0.010416364849123446,-104163.65
2020-01-28,-0.01166234296571296,-116623.43
2020-01-29,0.004360735689929394,43607.36
2020-01-30,-0.008936415158506752,-89364.15
2020-01-31,-0.006050450919161919,-60504.51
2020-02-03,-0.01481441412468132,-148144.14
2020-02-04,0.022255241357513344,222552.41
2020-02-05,0.01269490335938403,126949.03
2020-02-06,0.005262724807289558,52627.25
2020-02-07,-0.0065826389240242365,-65826.39
2020-02-10,-0.006767618362683648,-67676.18
2020-02-11,0.00422792829933153,42279.28
2020-02-12,0.008907900083328972,89079.0
2020-02-13,0.0018284887811667744,18284.89
2020-02-14,-0.00020443557882519333,-2044.36
2020-02-17,-0.00433466955603115,-43346.7
2020-02-18,-0.004527015061437185,-45270.15
2020-02-19,0.006888392968612353,68883.93
2020-02-20,-0.002455526413683899,-24555.26
2020-02-24,-0.02158559142331446,-215855.91
2020-02-25,-0.0019256503427831431,-19256.5
2020-02-26,-0.01098968919566035,-109896.89
2020-02-27,-0.004167161400624108,-41671.61
2020-02-28,-0.0354701624481709,-354701.62
2020-03-02,-0.008396578886875058,-83965.79
2020-03-03,0.014950300295912933,149503.0
2020-03-04,-0.003607499742197139,-36075.0
2020-03-05,0.002163783960397578,21637.84
2020-03-06,-0.023468897955931593,-234688.98
2020-03-09,-0.05694622174331501,-569462.22
2020-03-11,0.0003203100732710089,3203.1
2020-03-12,-0.08107602214081898,-810760.22
2020-03-13,0.048651493211280476,486514.93
2020-03-16,-0.07323657315197157,-732365.73
2020-03-17,-0.020687610911673388,-206876.11
2020-03-18,-0.04139324973407328,-413932.5
2020-03-19,-0.021616162156562826,-216161.62
2020-03-20,0.05526845594972418,552684.56
2020-03-23,-0.1254506633530381,-1254506.63
2020-03-24,0.026081298597894945,260812.99
2020-03-25,0.07279145870397734,727914.59
2020-03-26,0.032305654525535174,323056.55
2020-03-27,9.502616316952651e-05,950.26
2020-03-30,-0.04429472296524485,-442947.23
2020-03-31,0.043298596463138835,432985.96
2020-04-01,-0.040175844693376095,-401758.45
2020-04-03,-0.015908348956823037,-159083.49
2020-04-07,0.0996373510256055,996373.51
2020-04-08,-0.008419107490819804,-84191.07
2020-04-09,0.041519284319670786,415192.84
2020-04-13,-0.006856550402453681,-68565.5
2020-04-15,-0.009845701095049477,-98457.01
2020-04-16,0.010732923929984048,107329.24
2020-04-17,0.03194450516161897,319445.05
2020-04-20,-0.0017301334049440328,-17301.33
2020-04-21,-0.027080321948848213,-270803.22
2020-04-22,0.028224989503217775,282249.9
2020-04-23,0.012656757846796426,126567.58
2020-04-24,-0.010343593602886019,-103435.94
2020-04-27,0.007530445462831948,75304.45
2020-04-28,0.0019502781999537367,19502.78
2020-04-29,0.018403772420393878,184037.72
2020-04-30,0.025978562673149727,259785.63
2020-05-04,-0.0443111913904224,-443111.91
2020-05-05,-0.008378358487807065,-83783.58
2020-05-06,0.008909335815203494,89093.36
2020-05-07,-0.0048874496060902425,-48874.5
2020-05-08,0.006294018873836671,62940.19
2020-05-11,0.0002399620999775978,2399.62
2020-05-12,-0.005863818592983752,-58638.19
2020-05-13,0.020218108259025373,202181.08
2020-05-14,-0.025504226242211197,-255042.26
2020-05-15,0.000906939352691951,9069.39
2020-05-18,-0.030869155416602095,-308691.55
2020-05-19,0.00868868657389561,86886.87
2020-05-20,0.01694759632441568,169475.96
2020-05-21,0.0068400277157219325,68400.28
2020-05-22,-0.004071807422380019,-40718.07
2020-05-26,-0.005967087031810012,-59670.87
2020-05-27,0.028722903519809613,287229.04
2020-05-28,0.017927969433545025,179279.69
2020-05-29,0.005978214552762252,59782.15
2020-06-01,0.028200798512512164,282007.99
2020-06-02,0.007282535916667975,72825.36
2020-06-03,0.008687780444717007,86877.8
2020-06-04,0.0050809060980312746,50809.06
2020-06-05,0.016577224818486665,165772.25
2020-06-08,-0.002304541410169813,-23045.41
2020-06-09,-0.013314285512097974,-133142.86
2020-06-10,0.00698846059076889,69884.61
2020-06-11,-0.026611720421151598,-266117.2
2020-06-12,0.013435386962509841,134353.87
2020-06-15,-0.014228286936421959,-142282.87
2020-06-16,0.0075916176614698565,75916.18
2020-06-17,0.0016752162424579498,16752.16
2020-06-18,0.017572431916673625,175724.32
2020-06-19,0.021785988606673815,217859.89
2020-06-22,0.0036972790602191634,36972.79
2020-06-23,0.01211984319249397,121198.43
2020-06-24,-0.016841122172886407,-168411.22
2020-06-25,-0.0010370062831042085,-10370.06
2020-06-26,0.010381326919377673,103813.27
2020-06-29,-0.004668297547113263,-46682.98
2020-06-30,-0.0021998490520652317,-21998.49
2020-07-01,0.010319827505642542,103198.28
2020-07-02,0.012634842723868448,126348.43
2020-07-03,0.0076542663094136,76542.66
2020-07-06,0.018086582644059657,180865.83
2020-07-07,-1.481730359573986e-05,-148.17
2020-07-08,-0.007012753285354801,-70127.53
2020-07-09,0.010335875444565615,103358.75
2020-07-10,0.0007791373456096521,7791.37
2020-07-13,0.005087162454413174,50871.62
2020-07-14,-0.016204311517493797,-162043.12
2020-07-15,-0.005684348578119556,-56843.49
2020-07-16,0.009321475233230334,93214.75
2020-07-17,0.016659199003755606,166591.99
2020-07-20,0.009664027083446849,96640.27
2020-07-21,0.011575410731602566,115754.11
2020-07-22,-0.004452137477613538,-44521.37
2020-07-23,0.01044123042634938,104412.3
2020-07-24,-0.0017044084908245105,-17044.08
2020-07-27,-0.007472984115322408,-74729.84
2020-07-28,0.01203708171849743,120370.82
2020-07-29,-0.008604352119265916,-86043.52
2020-07-30,-0.007130523026290727,-71305.23
2020-07-31,0.0008992774635094849,8992.77
2020-08-03,-0.013567783870178146,-135677.84
2020-08-04,0.020859403346654815,208594.03
2020-08-05,0.002541943992735959,25419.44
2020-08-06,0.008263985806443561,82639.86
2020-08-07,0.0012904286208130031,12904.29
2020-08-10,0.006446152404968326,64461.52
2020-08-11,0.004045782515416911,40457.83
2020-08-12,0.0010312693479329164,10312.69
2020-08-13,-0.0028684127648650917,-28684.13
2020-08-14,-0.01142681550751031,-114268.16
2020-08-17,-0.0006027736370853873,-6027.74
2020-08-18,0.012261606325168033,122616.06
2020-08-19,0.0057523369236655575,57523.37
2020-08-20,-0.011063579245060568,-110635.79
2020-08-21,0.004587949407054485,45879.49
2020-08-24,0.009304748256142664,93047.48
2020-08-25,0.002115135319371202,21151.35
2020-08-26,0.002703791234989581,27037.91
2020-08-27,0.001964948302604886,19649.48
2020-08-28,0.01146989416535014,114698.94
2020-08-31,-0.023536384337469025,-235363.84
2020-09-01,0.013385956223049925,133859.56
2020-09-02,0.007070132496466645,70701.32
2020-09-03,-0.0033710369287497438,-33710.37
2020-09-04,-0.01769446831217209,-176944.68
2020-09-07,0.0004228772462396627,4228.77
2020-09-08,-0.004964388172826914,-49643.88
2020-09-09,-0.002687806197558572,-26878.06
2020-09-10,0.01427667742931493,142766.77
2020-09-11,0.0010952287171413768,10952.29
2020-09-14,-0.008522702790690192,-85227.03
2020-09-15,0.0084705385193536,84705.39
2020-09-16,0.0065121269658862556,65121.27
2020-09-17,-0.009564587532310823,-95645.88
2020-09-18,-0.0002479453685769676,-2479.45
2020-09-21,-0.02783353488139448,-278335.35
2020-09-22,-0.004837591101146683,-48375.91
2020-09-23,-0.009258326204475607,-92583.26
2020-09-24,-0.03129823728505995,-312982.37
2020-09-25,0.026601657203891887,266016.57
2020-09-28,0.01570428576864803,157042.86
2020-09-29,-0.000819670024963327,-8196.7
2020-09-30,-0.002558418094531719,-25584.18
2020-10-01,0.015214475890161738,152144.76
2020-10-05,0.007050827735421955,70508.28
2020-10-06,0.009059125056694284,90591.25
2020-10-07,0.0057844080909207046,57844.08
2020-10-08,0.008196748316756425,81967.48
2020-10-09,0.009832224424110055,98322.24
2020-10-12,-0.00012556414531683104,-1255.64
2020-10-13,-0.003265726342216262,-32657.26
2020-10-14,0.00573522279713323,57352.23
2020-10-15,-0.027538013249504608,-275380.13
2020-10-16,0.005783889013805123,57838.89
2020-10-19,0.007057728911221366,70577.29
2020-10-20,0.00410372526033773,41037.25
2020-10-21,0.004891329284508923,48913.29
2020-10-22,-0.001347270265499113,-13472.7
2020-10-23,0.006872834820008654,68728.35
2020-10-26,-0.018270821332480737,-182708.21
2020-10-27,0.0034578730023537415,34578.73
2020-10-28,-0.006469395233327084,-64693.95
2020-10-29,-0.005701148655122689,-57011.49
2020-10-30,-0.0038409722494704675,-38409.72
2020-11-02,0.001324550125995274,13245.5
2020-11-03,0.013067445000665338,130674.45
2020-11-04,0.01040596645480666,104059.66
2020-11-05,0.019484280637472488,194842.81
2020-11-06,0.009037739786352118,90377.4
2020-11-09,0.017507409134344634,175074.09
2020-11-10,0.01395116409302942,139511.64
2020-11-11,0.006013163783130552,60131.64
2020-11-12,-0.005411292135647296,-54112.92
2020-11-13,0.0010021780286036503,10021.78
2020-11-14,0.005701810666995718,57018.11
2020-11-17,0.010282501518036228,102825.02
2020-11-18,0.008135604096768475,81356.04
2020-11-19,-0.015336819495148396,-153368.19
2020-11-20,0.00310931265545582,31093.13
2020-11-23,0.003006190003877585,30061.9
2020-11-24,0.012991847881425976,129918.48
2020-11-25,-0.01426705408149344,-142670.54
2020-11-26,0.007714594185931614,77145.94
2020-11-27,-0.003973693664149733,-39736.94
2020-12-01,0.015579517800246455,155795.18
2020-12-02,0.002983756197266994,29837.56
2020-12-03,0.0038691163907221783,38691.16
2020-12-04,0.014791810646296769,147918.11
2020-12-07,0.011704191471638238,117041.91
2020-12-08,0.0035956970156391286,35956.97
2020-12-09,0.008704422757881929,87044.23
2020-12-10,-0.0031037089423432613,-31037.09
2020-12-11,0.0032279834881759504,32279.83
2020-12-14,0.0028487799673066454,28487.8
2020-12-15,-0.004600104315801127,-46001.04
2020-12-16,0.008515191128431942,85151.91
2020-12-17,0.0008161008637914265,8161.01
2020-12-18,0.0020391257643067283,20391.26
2020-12-21,-0.033931058891776285,-339310.59
2020-12-22,0.010911941333453511,109119.41
2020-12-23,0.012046321842244653,120463.22
2020-12-24,0.012667513665722087,126675.14
2020-12-28,0.009318364420656802,93183.64
2020-12-29,0.0025894269302153754,25894.27
2020-12-30,0.0014386221061676227,14386.22
2020-12-31,-0.0019624630120103374,-19624.63
2021-01-01,0.004805650146957551,48056.5
2021-01-04,0.009833318849198129,98333.19
2021-01-05,-0.00017633172970647008,-1763.32
2021-01-06,-0.00272398638436644,-27239.86
2021-01-07,0.0029717583949317697,29717.58
2021-01-08,0.01267168003429418,126716.8
2021-01-11,0.004234787744103363,42347.88
2021-01-12,0.011894459812103346,118944.6
2021-01-13,0.008610057162176677,86100.57
2021-01-14,0.005573215941320502,55732.16
2021-01-15,-0.005127530722168309,-51275.31
2021-01-18,-0.008602286282984416,-86022.86
2021-01-19,0.01439594049457527,143959.4
2021-01-20,0.00963237506839362,96323.75
2021-01-21,-0.006516724674536447,-65167.25
2021-01-22,-0.015918457987543363,-159184.58
2021-01-25,-0.008726634579576155,-87266.35
2021-01-27,-0.020233125981487726,-202331.26
2021-01-28,-0.009141665353724366,-91416.65
2021-01-29,-0.011041170684348433,-110411.71
2021-02-01,0.05039057899446056,503905.79
2021-02-02,0.030062346632971353,300623.47
2021-02-03,0.0072982527027439376,72982.53
2021-02-04,0.007605861383573761,76058.61
2021-02-05,0.005307921478697136,53079.21
2021-02-08,0.016120143113811637,161201.43
2021-02-09,-0.0007445680006051532,-7445.68
2021-02-10,-0.0018957039652736686,-18957.04
2021-02-11,0.007923135567934224,79231.36
2021-02-12,-0.0039928281743031365,-39928.28
2021-02-15,0.0085107593631457,85107.59
2021-02-16,0.00011429602339969587,1142.96
2021-02-17,-0.003242282694082506,-32422.83
2021-02-18,-0.006672351844409834,-66723.52
2021-02-19,-0.011291576740653465,-112915.77
2021-02-22,-0.021916908760933364,-219169.09
2021-02-23,0.005324910442285978,53249.1
2021-02-24,0.017123790095918873,171237.9
2021-02-25,0.008172268134282016,81722.68
2021-02-26,-0.03481234404290136,-348123.44
2021-03-01,0.007865221790483486,78652.22
2021-03-02,0.012396096195244767,123960.96
2021-03-03,0.020674166990857494,206741.67
2021-03-04,-0.012465368623481176,-124653.69
2021-03-05,-0.009905229088424838,-99052.29
2021-03-08,0.0026047815982704306,26047.82
2021-03-09,0.005648170870918591,56481.71
2021-03-10,0.00404798339132152,40479.83
2021-03-12,-0.011193524140763763,-111935.24
2021-03-15,-0.006643425673012418,-66434.26
2021-03-16,-0.00036160831695568525,-3616.08
2021-03-17,-0.013248388177233098,-132483.88
2021-03-18,-0.008452495378819556,-84524.95
2021-03-19,0.01395665975706,139566.6
2021-03-22,-0.0017727327703895848,-17727.33
2021-03-23,0.007359884973957038,73598.85
2021-03-24,-0.019017058265990202,-190170.58
2021-03-25,-0.01693571493575278,-169357.15
2021-03-26,0.013810853178850302,138108.53
2021-03-30,0.02044721863955219,204472.19
2021-03-31,-0.006908120974518412,-69081.21
2021-04-01,0.009653735000699652,96537.35
2021-04-05,-0.01461654958338918,-146165.5
2021-04-06,0.0009712531314434937,9712.53
2021-04-07,0.010922249680589998,109222.5
2021-04-08,0.001181766002818821,11817.66
2021-04-09,-0.003064475106573576,-30644.75
2021-04-12,-0.037831568613439795,-378315.69
2021-04-13,0.01728262283312931,172826.23
2021-04-15,0.008182227901730095,81822.28
2021-04-16,-0.002008643964790539,-20086.44
2021-04-19,-0.016766884801289048,-167668.85
2021-04-20,-0.0007559363921547908,-7559.36
2021-04-22,0.0067778414060811285,67778.41
2021-04-23,-0.007125885776856489,-71258.86
2021-04-26,0.010921012051989708,109210.12
2021-04-27,0.016063721665966778,160637.22
2021-04-28,0.012919386634738697,129193.87
2021-04-29,0.0004428260458211046,4428.26
2021-04-30,-0.01821835559598673,-182183.56
2021-05-03,0.00367380227483866,36738.02
2021-05-04,-0.010432801992648722,-104328.02
2021-05-05,0.010613015660194122,106130.16
2021-05-06,0.0034652229613841984,34652.23
2021-05-07,0.007863928761974033,78639.29
2021-05-10,0.007762649758779883,77626.5
2021-05-11,-0.0028355993326763685,-28355.99
2021-05-12,-0.009046346976418861,-90463.47
2021-05-14,0.001026149470761212,10261.49
2021-05-17,0.01440287868426106,144028.79
2021-05-18,0.009162961799800303,91629.62
2021-05-19,-0.004744911308161668,-47449.11
2021-05-20,-0.008001161727007825,-80011.62
2021-05-21,0.02000511690224206,200051.17
2021-05-24,0.0017734932483694482,17734.93
2021-05-25,-0.00013111698657751404,-1311.17
2021-05-26,0.005577349049885124,55773.49
2021-05-27,0.0028584366855866155,28584.37
2021-05-28,0.008884357530411058,88843.58
2021-05-31,0.01274430566839157,127443.06
2021-06-01,-0.0007753678626087265,-7753.68
2021-06-02,0.0012188698314015817,12188.7
2021-06-03,0.006266588636363788,62665.89
2021-06-04,-0.004762569380717892,-47625.69
2021-06-07,0.006859418761921298,68594.19
2021-06-08,4.508185876366238e-07,4.51
2021-06-09,-0.008997515499815477,-89975.15
2021-06-10,0.006869603012783272,68696.03
2021-06-11,0.003936163432585417,39361.63
2021-06-14,0.002381606422700032,23816.06
2021-06-15,0.004252084070617328,42520.84
2021-06-16,-0.007253750380162069,-72537.5
2021-06-17,-0.0047379052367227505,-47379.05
2021-06-18,0.001218740514741819,12187.41
2021-06-21,0.0030871502203615978,30871.5
2021-06-22,0.001075308537175309,10753.09
2021-06-23,-0.004356984431565538,-43569.84
2021-06-24,0.004567311137102778,45673.11
2021-06-25,0.005598411788840316,55984.12
2021-06-28,-0.004281219577022549,-42812.2
2021-06-29,-0.00443293974837632,-44329.4
2021-06-30,-0.0006668921970072017,-6668.92
2021-07-01,-0.0018793183098096723,-18793.18
2021-07-02,0.0035765517171116234,35765.52
2021-07-05,0.007910361410610842,79103.61
2021-07-06,-0.0027312605650174062,-27312.61
2021-07-07,0.0035765188057892893,35765.19
2021-07-08,-0.010995208356414037,-109952.08
2021-07-09,-0.0017483990783686513,-17483.99
2021-07-12,-0.0005347717420088839,-5347.72
2021-07-13,0.006676285336254429,66762.85
2021-07-14,0.0019326653632463272,19326.65
2021-07-15,0.003350824371870662,33508.24
2021-07-16,0.005082858549062797,50828.59
2021-07-19,-0.008824896914539833,-88248.97
2021-07-20,-0.008256031431702362,-82560.31
2021-07-22,0.012618249521211454,126182.5
2021-07-23,0.0029858872927743373,29858.87
2021-07-26,-0.005860140278265162,-58601.4
2021-07-27,-0.002092666232682512,-20926.66
2021-07-28,0.0026433651836211816,26433.65
2021-07-29,0.006280792516195244,62807.93
2021-07-30,-0.0014137574415448435,-14137.57
2021-08-02,0.007700085458418716,77000.85
2021-08-03,0.01598008453250302,159800.85
2021-08-04,0.005482003052057453,54820.03
2021-08-05,0.0051230671875713354,51230.67
2021-08-06,-0.00327373786099887,-32737.38
2021-08-09,-0.00022802566936416194,-2280.26
2021-08-10,0.0028344886834612967,28344.89
2021-08-11,0.0005993610938693835,5993.61
2021-08-12,0.0030621189797603136,30621.19
2021-08-13,0.014363572573040299,143635.73
2021-08-16,0.0012868088613422807,12868.09
2021-08-17,-0.0007069183251575356,-7069.18
2021-08-18,-0.002796506379896511,-27965.06
2021-08-20,-0.008359028798614937,-83590.29
2021-08-23,0.003967095842233941,39670.96
2021-08-24,0.008473735998827217,84737.36
2021-08-25,-0.0006600268643846583,-6600.27
2021-08-26,-0.0035067677477271797,-35067.68
2021-08-27,0.004255761040993844,42557.61
2021-08-30,0.018161540939552655,181615.41
2021-08-31,0.01438814607119176,143881.46
2021-09-01,-0.0017069105394709664,-17069.11
2021-09-02,0.007054606297531408,70546.06
2021-09-03,0.005961745757760706,59617.46
2021-09-06,0.001506627343161239,15066.27
2021-09-07,0.000984875245228317,9848.75
2021-09-08,-0.0010264459982035725,-10264.46
2021-09-09,0.003219436884235114,32194.37
2021-09-13,-0.003226039964407851,-32260.4
2021-09-14,0.000957272160451463,9572.72
2021-09-15,0.011806294861987105,118062.95
2021-09-16,0.010046362839582799,100463.63
2021-09-17,-0.006432407218551339,-64324.07
2021-09-20,-0.009597931583829537,-95979.32
2021-09-21,0.004999725557625742,49997.26
2021-09-22,0.0005205073926129669,5205.07
2021-09-23,0.013897291153225945,138972.91
2021-09-24,0.003706913866756511,37069.14
2021-09-27,0.006225184733044318,62251.85
2021-09-28,-0.006691981856057349,-66919.82
2021-09-29,0.00012407541326630786,1240.75
2021-09-30,-0.006216120265082135,-62161.2
2021-10-01,-0.005145563677170161,-51455.64
2021-10-04,0.009878035719651472,98780.36
2021-10-05,0.009048035866171991,90480.36
2021-10-06,-0.010821573733360852,-108215.74
2021-10-07,0.010630584126963522,106305.84
2021-10-08,0.008004148125310804,80041.48
2021-10-11,0.0016493061058036294,16493.06
2021-10-12,0.002288760330324567,22887.6
2021-10-13,0.0070850588082225704,70850.59
2021-10-14,0.008482107220658331,84821.07
2021-10-18,0.0058309308292861985,58309.31
2021-10-19,-0.0020574055608822044,-20574.06
2021-10-20,-0.0022114749610152827,-22114.75
2021-10-21,-0.010667489379820315,-106674.89
2021-10-22,-0.004275195792283591,-42751.96
2021-10-25,0.00409314931869505,40931.49
2021-10-26,0.006799929756140165,67999.3
2021-10-27,0.0012290226259824622,12290.23
2021-10-28,-0.018779102958265098,-187791.03
2021-10-29,-0.008012250653867294,-80122.51
2021-11-01,0.015255233334544689,152552.33
2021-11-02,-0.0009959833134711373,-9959.83
2021-11-03,-0.005493673590314695,-54936.74
2021-11-04,0.005609770164325349,56097.7
2021-11-08,0.0017700200455461283,17700.2
2021-11-09,0.0030798518034090283,30798.52
2021-11-10,0.0022392418156897405,22392.42
2021-11-11,-0.007354890094711242,-73548.9
2021-11-12,0.011484473974935957,114844.74
2021-11-15,-0.001624356320720019,-16243.56
2021-11-16,-0.006065492056579186,-60654.92
2021-11-17,-0.005863562833107596,-58635.63
2021-11-18,-0.003901564506808801,-39015.65
2021-11-22,-0.015776050445059673,-157760.5
2021-11-23,0.0064064458487766845,64064.46
2021-11-24,-0.006608996426744905,-66089.96
2021-11-25,0.010025149375021039,100251.49
2021-11-26,-0.029032296126993613,-290322.96
2021-11-29,0.000938254374970164,9382.54
2021-11-30,-0.007363152273308493,-73631.52
2021-12-01,0.012160379109961308,121603.79
2021-12-02,0.010828178267194287,108281.78
2021-12-03,-0.01342699727259047,-134269.97
2021-12-06,-0.017817233105309013,-178172.33
2021-12-07,0.013486444460471413,134864.44
2021-12-08,0.020208613510254964,202086.14
2021-12-09,0.0042648625566058295,42648.63
2021-12-10,0.002600719407645606,26007.19
2021-12-13,-0.009716111398749372,-97161.11
2021-12-14,-0.004365151065657153,-43651.51
2021-12-15,-0.003303843570445275,-33038.44
2021-12-16,-0.0007335825226628671,-7335.83
2021-12-17,-0.01706405204302878,-170640.52
2021-12-20,-0.020375525430195683,-203755.25
2021-12-21,0.010170161661297293,101701.62
2021-12-22,0.015341048706079776,153410.49
2021-12-23,0.0027595286700833385,27595.29
2021-12-24,-0.003277996284367493,-32779.96
2021-12-27,0.0032802924362665413,32802.92
2021-12-28,0.00926342818020896,92634.28
2021-12-29,-0.0020843417649789543,-20843.42
2021-12-30,-0.002663856034348714,-26638.56
2021-12-31,0.008407163125861615,84071.63
2022-01-03,0.016010987244000647,160109.87
2022-01-04,0.012117901641794437,121179.02
2022-01-05,0.0081553076146102,81553.08
2022-01-06,-0.007598144669625157,-75981.45
2022-01-07,0.002902375377635947,29023.75
2022-01-10,0.01002467029483254,100246.7
2022-01-11,0.0020780184923491303,20780.18
2022-01-12,0.012727059855580045,127270.6
2022-01-13,0.0046963160204680846,46963.16
2022-01-14,-0.0011916522759117594,-11916.52
2022-01-17,0.005827903982138529,58279.04
2022-01-18,-0.010770219060048238,-107702.19
2022-01-19,-0.006611957159150026,-66119.57
2022-01-20,-0.008247405777659887,-82474.06
2022-01-21,-0.00630293408343032,-63029.34
2022-01-24,-0.0225824942179015,-225824.94
2022-01-25,0.01222518625977643,122251.86
2022-01-27,-0.006516680048667707,-65166.8
2022-01-28,-0.0013209078263725495,-13209.08
2022-01-31,0.015396462194210864,153964.62
2022-02-01,0.011559810196253137,115598.1
2022-02-02,0.007076489138686874,70764.89
2022-02-03,-0.008340343621065291,-83403.44
2022-02-04,-0.0025807603022366407,-25807.6
2022-02-07,-0.014977618938877429,-149776.19
2022-02-08,0.004466789591739692,44667.9
2022-02-09,0.011662098342223348,116620.98
2022-02-10,0.006545241775441708,65452.42
2022-02-11,-0.010773518212026087,-107735.18
2022-02-14,-0.02854996495694527,-285499.65
2022-02-15,0.031420992317764664,314209.92
2022-02-16,-0.0030591392597758924,-30591.39
2022-02-17,-0.00211986364408019,-21198.64
2022-02-18,-0.0016090341514342441,-16090.34
2022-02-21,-0.005130321255089897,-51303.21
2022-02-22,-0.010687644734767281,-106876.45
2022-02-23,-0.002657566919930066,-26575.67
2022-02-24,-0.0475101242567998,-475101.24
2022-02-25,0.021386985063604418,213869.85
2022-02-28,0.009180426704608568,91804.27
2022-03-02,-0.014220783821860412,-142207.84
2022-03-03,-0.009464979324907787,-94649.79
2022-03-04,-0.016222145151201864,-162221.45
2022-03-07,-0.024431518089112803,-244315.18
2022-03-08,0.00962656527493699,96265.65
2022-03-09,0.02576039218802325,257603.92
2022-03-10,0.017036699471894606,170366.99
2022-03-11,0.0015908569931809623,15908.57
2022-03-14,0.015361139111453004,153611.39
2022-03-15,-0.007349223354082172,-73492.23
2022-03-16,0.015234976652886239,152349.77
2022-03-17,0.019009525756049247,190095.26
2022-03-21,-0.010129314543742154,-101293.15
2022-03-22,0.010976612286702294,109766.12
2022-03-23,-0.0051947730453423685,-51947.73
2022-03-24,-0.0010121613917206162,-10121.61
2022-03-25,-0.0026823712359589293,-26823.71
2022-03-28,0.009427738722353774,94277.39
2022-03-29,0.006009404024112821,60094.04
2022-03-30,0.00967632729589934,96763.27
2022-03-31,-0.001178871960249967,-11788.72
2022-04-01,0.01184634364972708,118463.44
2022-04-04,0.01940556130003457,194055.61
2022-04-05,-0.005088271919477198,-50882.72
2022-04-06,-0.0037940514221830946,-37940.51
2022-04-07,-0.009397762501796029,-93977.63
2022-04-08,0.006735517607016231,67355.18
2022-04-11,-0.005408100217041704,-54081.0
2022-04-12,-0.009099869934627264,-90998.7
2022-04-13,-0.001483178119073619,-14831.78
2022-04-18,-0.015405555300114934,-154055.55
2022-04-19,-0.005401758479077313,-54017.58
2022-04-20,0.012101316702155715,121013.17
2022-04-21,0.014845983283891695,148459.83
2022-04-22,-0.011183082306717615,-111830.82
2022-04-25,-0.011266048022127951,-112660.48
2022-04-26,0.016241184469366586,162411.84
2022-04-27,-0.006530932710375496,-65309.33
2022-04-28,0.012384872332574562,123848.72
2022-04-29,-0.007163873198376211,-71638.73
2022-05-02,-0.0014220673753319308,-14220.67
2022-05-04,-0.025399695047338598,-253996.95
2022-05-05,-0.0015181704007938635,-15181.7
2022-05-06,-0.01047198938735948,-104719.89
2022-05-09,-0.009224432738568275,-92244.33
2022-05-10,-0.0013853970295441473,-13853.97
2022-05-11,-0.004840400551247475,-48404.01
2022-05-12,-0.019641778273850618,-196417.78
2022-05-13,-0.0034931005282916095,-34931.01
2022-05-16,0.004599605188739482,45996.05
2022-05-17,0.02734161629215033,273416.16
2022-05-18,-0.002434789793193365,-24347.9
2022-05-19,-0.025274076183318374,-252740.76
2022-05-20,0.03113563441291832,311356.34
2022-05-23,0.0004667438620528791,4667.44
2022-05-24,-0.005600691703299162,-56006.92
2022-05-25,-0.005235377943747205,-52353.78
2022-05-26,0.009471710014012185,94717.1
2022-05-27,0.0074462572823713324,74462.57
2022-05-30,0.01982195105099234,198219.51
2022-05-31,-0.003929821837021013,-39298.22
2022-06-01,-0.002935169828028492,-29351.7
2022-06-02,0.008863791967429447,88637.92
2022-06-03,-0.0006596007988857437,-6596.01
2022-06-06,-0.0019452418711836577,-19452.42
2022-06-07,-0.008227261848316158,-82272.62
2022-06-08,-0.005237872537049503,-52378.73
2022-06-09,0.008742428318069869,87424.28
2022-06-10,-0.014603986147540248,-146039.86
2022-06-13,-0.023396627824821083,-233966.28
2022-06-14,-0.0015861036571149403,-15861.04
2022-06-15,-0.0012003831510199177,-12003.83
2022-06-16,-0.018765314493775373,-187653.14
2022-06-17,-0.004201379407365974,-42013.79
2022-06-20,0.0003562499065813098,3562.5
2022-06-21,0.019206953871378354,192069.54
2022-06-22,-0.013321175350880482,-133211.75
2022-06-23,0.013130753658586281,131307.54
2022-06-24,0.010964547249470009,109645.47
2022-06-27,0.009916493038056412,99164.93
2022-06-28,0.002039566805295639,20395.67
2022-06-29,7.89655571980078e-05,789.66
2022-06-30,0.0008057355440430829,8057.36
2022-07-01,-0.008134638840362751,-81346.39
2022-07-04,0.00617171313884702,61717.13
2022-07-05,-0.000715594401401823,-7155.94
2022-07-06,0.010416381963058188,104163.82
2022-07-07,0.00789906492599956,78990.65
2022-07-08,0.006045267353312908,60452.67
2022-07-11,-0.004062980120480685,-40629.8
2022-07-12,-0.007792883041245582,-77928.83
2022-07-13,-0.008676645918642652,-86766.46
2022-07-14,-0.0005506288108425988,-5506.29
2022-07-15,0.007191249821616371,71912.5
2022-07-18,0.012232690516099156,122326.91
2022-07-19,0.006264537102524829,62645.37
2022-07-20,0.011841499535133386,118415.0
2022-07-21,0.004504464973699302,45044.65
2022-07-22,0.00619963342714438,61996.33
2022-07-25,-0.006164505004921594,-61645.05
2022-07-26,-0.006209798852787509,-62097.99
2022-07-27,0.009710516389604969,97105.16
2022-07-28,0.011162261988069418,111622.62
2022-07-29,0.014320982078440871,143209.82
2022-08-01,0.012053135593717365,120531.36
2022-08-02,0.00047272075585376834,4727.21
2022-08-03,0.0033018473229720654,33018.47
2022-08-04,-0.0010774466149487203,-10774.47
2022-08-05,0.00020703915586960456,2070.39
2022-08-08,0.006707500462217901,67075.0
2022-08-10,0.0028534061260114462,28534.06
2022-08-11,0.005101618731473727,51016.19
2022-08-12,0.0032305433984816654,32305.43
2022-08-16,0.005282156073441992,52821.56
2022-08-17,0.006514779503714812,65147.8
2022-08-18,0.0027148227138372952,27148.23
2022-08-19,-0.010508840337764983,-105088.4
2022-08-22,-0.013178593929514041,-131785.94
2022-08-23,0.0064653258474505594,64653.26
2022-08-24,-0.0005222506858039244,-5222.51
2022-08-25,-0.0035149419490659193,-35149.42
2022-08-26,-0.0005088210928805785,-5088.21
2022-08-29,-0.01231512534401125,-123151.25
2022-08-30,0.02366540122295225,236654.01
2022-09-01,-0.01131724553925409,-113172.46
2022-09-02,-0.0004641985850406405,-4641.99
2022-09-05,0.008494084199593438,84940.84
2022-09-06,0.002831699058634589,28316.99
2022-09-07,-0.004839413288398001,-48394.13
2022-09-08,0.011178351541748106,111783.52
2022-09-09,0.0019260247417270675,19260.25
2022-09-12,0.004542544498243824,45425.44
2022-09-13,0.007155630637832543,71556.31
2022-09-14,-0.0036467471842467555,-36467.47
2022-09-15,-0.004227679990652914,-42276.8
2022-09-16,-0.018144068141821956,-181440.68
2022-09-19,0.005420071207809464,54200.71
2022-09-20,0.009203974733084324,92039.75
2022-09-21,-0.0043391555754364805,-43391.56
2022-09-22,-0.0023412256764651232,-23412.26
2022-09-23,-0.015167674103345012,-151676.74
2022-09-26,-0.017445153806548836,-174451.54
2022-09-27,-0.0002965131739899688,-2965.13
2022-09-28,-0.0078068233308764175,-78068.23
2022-09-29,-0.0026382511689600364,-26382.51
2022-09-30,0.019302251774888684,193022.52
2022-10-03,-0.010621087552490612,-106210.88
2022-10-04,0.020432600027933304,204326.0
2022-10-06,0.0018705532539243712,18705.53
2022-10-07,-0.0019323288720900366,-19323.29
2022-10-10,-0.002831193951512387,-28311.94
2022-10-11,-0.01417878237074663,-141787.82
2022-10-12,0.005908357687768459,59083.58
2022-10-13,-0.007115909536820661,-71159.1
2022-10-14,0.007883346149405324,78833.46
2022-10-17,0.008787563841040534,87875.64
2022-10-18,0.014303753652251148,143037.54
2022-10-19,9.931721166653079e-05,993.17
2022-10-20,0.002817310914252865,28173.11
2022-10-21,-0.0005711735485307376,-5711.74
2022-10-24,0.008754968302508598,87549.68
2022-10-25,-0.0010050829130786537,-10050.83
2022-10-27,0.005800687777099067,58006.88
2022-10-28,0.0037493847860492744,37493.85
2022-10-31,0.01346225719500661,134622.57
2022-11-01,0.005037375875049008,50373.76
2022-11-02,-0.005121525014900341,-51215.25
2022-11-03,0.0018023208646060934,18023.21
2022-11-04,0.0027255923012150527,27255.92
2022-11-07,0.007534149371153688,75341.49
2022-11-09,-0.0031877668741362207,-31877.67
2022-11-10,-0.005427924590724736,-54279.25
2022-11-11,0.015460660167808183,154606.6
2022-11-14,-0.004381575485121183,-43815.75
2022-11-15,0.004685115234503762,46851.15
2022-11-16,0.0014857901738250306,14857.9
2022-11-17,-0.0016356152203794508,-16356.15
2022-11-18,-0.0023719327500331066,-23719.33
2022-11-21,-0.006237045719959151,-62370.46
2022-11-22,0.00393721099549376,39372.11
2022-11-23,0.0011362005689365324,11362.01
2022-11-24,0.011533158215045664,115331.58
2022-11-25,0.0015887138096271464,15887.14
2022-11-28,0.0034399990075699477,34399.99
2022-11-29,0.0036276829939522865,36276.83
2022-11-30,0.006847271937741057,68472.72
2022-12-01,0.0031697819977855933,31697.82
2022-12-02,-0.006566060567060202,-65660.61
2022-12-05,-0.0004099499370308722,-4099.5
2022-12-06,-0.00515154045374001,-51515.4
2022-12-07,-0.0017738502424464518,-17738.5
2022-12-08,0.0015059048203586707,15059.05
2022-12-09,-0.0038027400678815027,-38027.4
2022-12-12,-0.0009151420491525194,-9151.42
2022-12-13,0.0059907944556210225,59907.94
2022-12-14,0.0010256461004476965,10256.46
2022-12-15,-0.012260345479781228,-122603.45
2022-12-16,-0.008024395527333585,-80243.96
2022-12-19,0.007583046181116266,75830.46
2022-12-20,-0.0017572617422925093,-17572.62
2022-12-21,-0.010036851829661119,-100368.52
2022-12-22,-0.003002516078848459,-30025.16
2022-12-23,-0.017991950709827814,-179919.51
2022-12-26,0.012873911562880834,128739.12
2022-12-27,0.006353851273516117,63538.51
2022-12-28,-0.0015211493673583075,-15211.49
2022-12-29,0.0065095024792064405,65095.02
2022-12-30,-0.006280934408581561,-62809.34
2023-01-02,0.006053837255937002,60538.37
2023-01-03,0.0003092328425784739,3092.33
2023-01-04,-0.009475285158880192,-94752.85
2023-01-05,-0.0010855934893615198,-10855.93
2023-01-06,-0.005838400065475691,-58384.0
2023-01-09,0.016759807827878156,167598.08
2023-01-10,-0.013333203202758367,-133332.03
2023-01-11,-0.0027274453182310364,-27274.45
2023-01-12,-0.0036783910545840413,-36783.91
2023-01-13,0.006048294453817419,60482.94
2023-01-16,-0.0036483537849564787,-36483.54
2023-01-17,0.00900174484375351,90017.45
2023-01-18,0.006893145063303376,68931.45
2023-01-19,-0.00276514333620355,-27651.43
2023-01-20,-0.005588357124927044,-55883.57
2023-01-23,0.006104028562070877,61040.29
2023-01-24,0.0008919815295402878,8919.82
2023-01-25,-0.011708022574111436,-117080.23
2023-01-27,-0.01564893019279784,-156489.3
2023-01-30,0.0013441131666944014,13441.13
2023-01-31,0.0024215171573892815,24215.17
2023-02-01,-0.0003682487325714399,-3682.49
2023-02-02,0.004146530047469864,41465.3
2023-02-03,0.014185621164676879,141856.21
2023-02-06,-0.0060046909234661595,-60046.91
2023-02-07,-0.0046841582915993565,-46841.58
2023-02-08,0.005065869782511672,50658.7
2023-02-09,0.0007951522807299955,7951.52
2023-02-10,-0.0016782197636488133,-16782.2
2023-02-13,-0.005437420558345752,-54374.21
2023-02-14,0.009810440351077978,98104.4
2023-02-15,0.006187228584969775,61872.29
2023-02-16,-0.00042121676460577537,-4212.17
2023-02-17,-0.004710934583517283,-47109.35
2023-02-20,-0.005129505103409784,-51295.05
2023-02-21,0.0001381877736669305,1381.88
2023-02-22,-0.014197346092819613,-141973.46
2023-02-23,-0.0030830223502082495,-30830.22
2023-02-24,-0.0033200155537732334,-33200.16
2023-02-27,-0.0041762300072327885,-41762.3
2023-02-28,-0.007048061053067433,-70480.61
2023-03-01,0.008902071747440305,89020.72
2023-03-02,-0.008586553934611245,-85865.54
2023-03-03,0.020253571756699326,202535.72
2023-03-06,0.004774101503746263,47741.02
2023-03-08,0.0034905850161804208,34905.85
2023-03-09,-0.009346855318462705,-93468.55
2023-03-10,-0.010291912077675769,-102919.12
2023-03-13,-0.015377186865275207,-153771.87
2023-03-14,-0.0043074575653414835,-43074.58
2023-03-15,-0.007999987086523361,-79999.87
2023-03-16,0.0001726689085400351,1726.69
2023-03-17,0.004710291098856953,47102.91
2023-03-20,-0.0059605755063394964,-59605.76
2023-03-21,0.006803849027597015,68038.49
2023-03-22,0.002979385433286327,29793.85
2023-03-23,-0.004040817142987329,-40408.17
2023-03-24,-0.008259020955445897,-82590.21
2023-03-27,0.0043611007253484295,43611.01
2023-03-28,-0.002066238478553075,-20662.38
2023-03-29,0.0036679722134310123,36679.72
2023-03-31,0.018059998494441967,180599.98
2023-04-03,0.0027494634208565867,27494.63
2023-04-05,0.008138123131863038,81381.23
2023-04-06,0.0031606852638676845,31606.85
2023-04-10,-0.0002704802081145149,-2704.8
2023-04-11,0.0044691768338511765,44691.77
2023-04-12,0.0031101186475475462,31101.19
2023-04-13,-0.0008825572740224575,-8825.57
2023-04-17,-0.005573746454052356,-55737.46
2023-04-18,-0.0025027050495927358,-25027.05
2023-04-19,-0.0021714267520936584,-21714.27
2023-04-20,0.0020168463229681692,20168.46
2023-04-21,-0.0007334689280196569,-7334.69
2023-04-24,0.004501672941060252,45016.73
2023-04-25,0.00395344687010987,39534.47
2023-04-26,0.00257300576070419,25730.06
2023-04-27,0.005176447972934073,51764.48
2023-04-28,0.01110803916602272,111080.39
2023-05-02,0.0023916006282154218,23916.01
2023-05-03,-0.004464001745371995,-44640.02
2023-05-04,0.00952550589842786,95255.06
2023-05-05,-0.0073512159323695075,-73512.16
2023-05-08,0.008482463633141571,84824.64
2023-05-09,-0.0003558563392759976,-3558.56
2023-05-10,0.0019870973455314795,19870.97
2023-05-11,-0.0022564749213842407,-22564.75
2023-05-12,0.0025518087967294585,25518.09
2023-05-15,0.004316270694639958,43162.71
2023-05-16,-0.005668022407047289,-56680.22
2023-05-17,-0.004238979344403869,-42389.79
2023-05-18,-0.0035004067967325165,-35004.07
2023-05-19,0.0043354553145892585,43354.55
2023-05-22,0.004604113651289004,46041.14
2023-05-23,0.0008239722877075026,8239.72
2023-05-24,-0.002188258451112055,-21882.58
2023-05-25,0.002771399812113188,27714.0
2023-05-26,0.011208086191764612,112080.86
2023-05-29,0.005675990772754278,56759.91
2023-05-30,-0.00010216894135186422,-1021.69
2023-05-31,-0.0018741276826659287,-18741.28
2023-06-01,-0.0027433231912646133,-27433.23
2023-06-02,0.0046199603121336325,46199.6
2023-06-05,0.004196036345209646,41960.36
2023-06-06,-0.0022683063319887927,-22683.06
2023-06-07,0.007503752911679277,75037.53
2023-06-08,-0.0047001268076761315,-47001.27
2023-06-09,-0.005900684632158487,-59006.85
2023-06-12,0.0012845705646917715,12845.71
2023-06-13,0.00548389549228534,54838.95
2023-06-14,0.0019659833394060503,19659.83
2023-06-15,-0.0035475782345556674,-35475.78
2023-06-16,0.006600929061851388,66009.29
2023-06-19,-0.003485463688937682,-34854.64
2023-06-20,0.0012767950451845953,12767.95
2023-06-21,0.002771148990478427,27711.49
2023-06-22,-0.0027459034688523364,-27459.03
2023-06-23,-0.003936532074008252,-39365.32
2023-06-26,-0.00033076033416014783,-3307.6
2023-06-27,0.007005036230391431,70050.36
2023-06-28,0.00864479062363841,86447.91
2023-06-30,0.013396297199604125,133962.97
2023-07-03,0.00776798379464377,77679.84
2023-07-04,-0.0002660825614051348,-2660.83
2023-07-05,0.0018406758591369746,18406.76
2023-07-06,0.005984538442563351,59845.38
2023-07-07,-0.005487156818885603,-54871.57
2023-07-10,0.0060898871429027205,60898.87
2023-07-11,0.006236445763748634,62364.46
2023-07-12,-0.0025324532736067237,-25324.53
2023-07-13,0.00052139108724351,5213.91
2023-07-14,0.00793111679340544,79311.17
2023-07-17,0.00818317430898324,81831.74
2023-07-18,0.0019407310163988773,19407.31
2023-07-19,0.0030815287281440516,30815.29
2023-07-20,0.007264008883896787,72640.09
2023-07-21,-0.011629790084444435,-116297.9
2023-07-24,-0.0033749243497864863,-33749.24
2023-07-25,-0.0018563951296535345,-18563.95
2023-07-26,0.007228794835373595,72287.95
2023-07-27,-0.003963150800619862,-39631.51
2023-07-28,-0.00013695243743355474,-1369.52
2023-07-31,0.005570368634893087,55703.69
2023-08-01,-0.002725239225540008,-27252.39
2023-08-02,-0.009906749783283967,-99067.5
2023-08-03,-0.007881257945194814,-78812.58
2023-08-04,0.00565671849021957,56567.18
2023-08-07,0.005316070410837261,53160.7
2023-08-08,-0.0024700315971118688,-24700.32
2023-08-09,0.002648149207996806,26481.49
2023-08-10,-0.004639799154256713,-46397.99
2023-08-11,-0.004058968113301729,-40589.68
2023-08-14,0.0010213210493193068,10213.21
2023-08-16,0.001609502866914985,16095.03
2023-08-17,-0.005003348443043856,-50033.48
2023-08-18,-0.002177735145331528,-21777.35
2023-08-21,0.0027905147119849597,27905.15
2023-08-22,0.0004059052902652986,4059.05
2023-08-23,0.003109594919497711,31095.95
2023-08-24,-0.0031297683974697552,-31297.68
2023-08-25,-0.005929951228631925,-59299.51
2023-08-28,0.001749113033588779,17491.13
2023-08-29,-0.0019259677620073127,-19259.68
2023-08-30,0.00039299590690521427,3929.96
2023-08-31,-0.003670023558011221,-36700.24
2023-09-01,0.007429395998969422,74293.96
2023-09-04,0.0032502443701887245,32502.44
2023-09-05,0.0019388597869264572,19388.6
2023-09-06,0.0026532320116764577,26532.32
2023-09-07,0.004888968035605426,48889.68
2023-09-08,0.0051212937088171845,51212.94
2023-09-11,0.008589303279239856,85893.03
2023-09-12,0.0011950244779648303,11950.24
2023-09-13,0.0046487282218881515,46487.28
2023-09-14,0.0006056877477383274,6056.88
2023-09-15,0.005719689314637993,57196.89
2023-09-18,-0.003984511010587864,-39845.11
2023-09-20,-0.012053071472424707,-120530.71
2023-09-21,-0.007203060117558978,-72030.6
2023-09-22,-0.0010721278751718974,-10721.28
2023-09-25,-0.002836983381849339,-28369.83
2023-09-26,0.000376869012430004,3768.69
2023-09-27,0.00380614422097792,38061.44
2023-09-28,-0.007506253516210392,-75062.54
2023-09-29,0.005039692233274365,50396.92
2023-10-03,-0.005781195767293574,-57811.96
2023-10-04,-0.004049179858828279,-40491.8
2023-10-05,0.006893649693061832,68936.5
2023-10-06,0.002768748142142801,27687.48
2023-10-09,-0.006797300293613791,-67973.0
2023-10-10,0.008720434892074186,87204.35
2023-10-11,0.005850379651096255,58503.8
2023-10-12,-0.0009576736344834235,-9576.74
2023-10-13,-0.0019166463851774665,-19166.46
2023-10-16,-0.0027320828232499854,-27320.83
2023-10-17,0.002814405316798934,28144.05
2023-10-18,-0.006064788100554011,-60647.88
2023-10-19,-0.005243631007626788,-52436.31
2023-10-20,-0.004199512051367043,-41995.12
2023-10-23,-0.012435205733982933,-124352.06
2023-10-25,-0.005807447653111228,-58074.48
2023-10-26,-0.015291615208363493,-152916.15
2023-10-27,0.009955941144145584,99559.41
2023-10-30,0.007750377196452537,77503.77
2023-10-31,-0.007054636490054608,-70546.36
2023-11-01,-0.0024127378407315507,-24127.38
2023-11-02,0.008937210943119741,89372.11
2023-11-03,0.004789879172088949,47898.79
2023-11-06,0.007716973017534154,77169.73
2023-11-07,-0.0009289568142502608,-9289.57
2023-11-08,0.002362353248792473,23623.53
2023-11-09,-0.002990906968290962,-29909.07
2023-11-10,0.000901278049493355,9012.78
2023-11-13,0.00041364675458064313,4136.47
2023-11-15,0.01234400004816249,123440.0
2023-11-16,0.004185887910011751,41858.88
2023-11-17,-0.0028027839928339293,-28027.84
2023-11-20,-0.0005506359241024671,-5506.36
2023-11-21,0.004677500800268847,46775.01
2023-11-22,0.0007377701885599041,7377.7
2023-11-23,0.0006422351753326107,6422.35
2023-11-24,-0.0005711758639607652,-5711.76
2023-11-28,0.0019951625412464673,19951.63
2023-11-29,0.010422086149753446,104220.86
2023-11-30,0.0007111485531197355,7111.49
2023-12-01,0.006939024267892518,69390.24
2023-12-04,0.020096241229877597,200962.41
2023-12-05,0.007021366215720481,70213.66
2023-12-06,0.005041613337846234,50416.13
2023-12-07,-0.004874008374883908,-48740.08
2023-12-08,0.002532835978733706,25328.36
2023-12-11,0.0007229710029052056,7229.71
2023-12-12,-0.006972788585949452,-69727.89
2023-12-13,0.0023936558155408954,23936.56
2023-12-14,0.011265777247700295,112657.77
2023-12-15,0.014180692355693582,141806.92
2023-12-18,1.6641752865835502e-05,166.42
2023-12-19,0.0014089441444184397,14089.44
2023-12-20,-0.013536763079700422,-135367.63
2023-12-21,0.005897672013578874,58976.72
2023-12-22,0.0036275548777995013,36275.55
2023-12-26,0.0039115457184685076,39115.46
2023-12-27,0.010087014032079468,100870.14
2023-12-28,0.005349502289844715,53495.02
2023-12-29,-0.003634519547598102,-36345.2
2024-01-01,-0.0019590526485341996,-19590.53
2024-01-02,-0.0025457241852671116,-25457.24
2024-01-03,-0.0055551066076760984,-55551.07
2024-01-04,0.003546464937427858,35464.65
2024-01-05,0.0032209733576914583,32209.73
2024-01-08,-0.010117516771778566,-101175.17
2024-01-09,0.0023844843344229005,23844.84
2024-01-10,0.00560383320890713,56038.33
2024-01-11,0.0016237334172279196,16237.33
2024-01-12,0.013526590746059924,135265.91
2024-01-15,0.011759201066095017,117592.01
2024-01-16,-0.0036515703295732093,-36515.7
2024-01-17,-0.01889927478318474,-188992.75
2024-01-18,-0.00122170059651681,-12217.01
2024-01-19,0.008930978669018834,89309.79
2024-01-23,-0.015867169292584627,-158671.69
2024-01-24,0.011385241747858522,113852.42
2024-01-25,-0.006011877995425269,-60118.78
2024-01-29,0.01869689921417864,186968.99
2024-01-30,-0.008818905037331605,-88189.05
2024-01-31,0.010232396906283836,102323.97
2024-02-01,-0.0004122288902255135,-4122.29
2024-02-02,0.005903488761972395,59034.89
2024-02-05,-0.0063622388105872615,-63622.39
2024-02-06,0.010274518914725738,102745.19
2024-02-07,0.002500160969249705,25001.61
2024-02-08,-0.003002090532895317,-30020.91
2024-02-09,0.0039688217502861145,39688.22
2024-02-12,-0.007953507069879701,-79535.07
2024-02-13,0.006239206658068918,62392.07
2024-02-14,0.004656860208858943,46568.6
2024-02-15,0.0047477242956278235,47477.24
2024-02-16,0.004725365348596679,47253.65
2024-02-19,0.006265389659579545,62653.9
2024-02-20,0.0020406270017575222,20406.27
2024-02-21,-0.002302686059793124,-23026.86
2024-02-22,0.006680021094499215,66800.21
2024-02-23,-0.0012766245901523142,-12766.25
2024-02-26,-0.004695323121861725,-46953.23
2024-02-27,0.005021859935313937,50218.6
2024-02-28,-0.009687942739359592,-96879.43
2024-02-29,0.0016061615850475486,16061.62
2024-03-01,0.016964578126959836,169645.78
2024-03-04,0.0020625489839354375,20625.49
2024-03-05,0.001833108043728906,18331.08
2024-03-06,0.006477358552013431,64773.59
2024-03-07,-0.00011648275017115263,-1164.83
2024-03-11,-0.008524289880254648,-85242.9
2024-03-12,0.0031973009386370927,31973.01
2024-03-13,-0.014351438113708294,-143514.38
2024-03-14,0.005931031822479678,59310.32
2024-03-15,-0.0047956163597729275,-47956.16
2024-03-18,0.0034883621410070264,34883.62
2024-03-19,-0.009941832218028197,-99418.32
2024-03-20,0.003244486021758056,32444.86
2024-03-21,0.004516380998820309,45163.81
2024-03-22,0.005120014431485421,51200.14
2024-03-26,-0.008135221064494162,-81352.21
2024-03-27,0.00854240094994259,85424.01
2024-03-28,0.007920271592679107,79202.72
2024-04-01,0.005376434550023264,53764.35
2024-04-02,-0.0008325700810068081,-8325.7
2024-04-03,0.00019480215268247316,1948.02
2024-04-04,0.0018968797042498277,18968.8
2024-04-05,-0.0010176705614233527,-10176.71
2024-04-08,0.008331692466740688,83316.92
2024-04-09,-0.0016562645876944569,-16562.65
2024-04-10,0.005984524301183583,59845.24
2024-04-12,-0.011202586098152955,-112025.86
2024-04-15,-0.009563757037711906,-95637.57
2024-04-16,-0.004905914984736158,-49059.15
2024-04-18,-0.0004629070151124245,-4629.07
2024-04-19,0.009018630088758224,90186.3
2024-04-22,0.008219549187028162,82195.49
2024-04-23,0.0023027952296689556,23027.95
2024-04-24,-0.0012502650573730893,-12502.65
2024-04-25,0.010082480904221564,100824.81
2024-04-26,-0.007627762042215134,-76277.62
2024-04-29,0.01310214682570579,131021.47
2024-04-30,-0.0030360581506725954,-30360.58
2024-05-02,0.0019564624618203714,19564.62
2024-05-03,-0.01036861582369282,-103686.16
2024-05-06,-9.433879014726664e-05,-943.39
2024-05-07,-0.002507088954991247,-25070.89
2024-05-08,0.0007797313659721385,7797.31
2024-05-09,-0.013183289722249438,-131832.9
2024-05-10,0.005255431276091247,52554.31
2024-05-13,0.002272055241925193,22720.55
2024-05-14,0.00540401074994315,54040.11
2024-05-15,-0.0007454872844337383,-7454.87
2024-05-16,0.009429183920547379,94291.84
2024-05-17,0.0028615585668888737,28615.59
2024-05-21,0.00046472300016577863,4647.23
2024-05-22,0.0057349822996709396,57349.82
2024-05-23,0.01692084433416565,169208.44
2024-05-24,-0.0002009909302973503,-2009.91
2024-05-27,-0.0015146228891656215,-15146.23
2024-05-28,-0.0026613884053862205,-26613.88
2024-05-29,-0.007864887352633932,-78648.87
2024-05-30,-0.006581639597410351,-65816.4
2024-05-31,0.001795661589221354,17956.62
2024-06-03,0.03273059393122505,327305.94
2024-06-04,-0.05525070285316637,-552507.03
2024-06-05,0.0295672265828387,295672.27
2024-06-06,0.010458170219496042,104581.7
2024-06-07,0.02176581119026749,217658.11
2024-06-10,-0.002718089269821055,-27180.89
2024-06-11,-0.0007871561688506495,-7871.56
2024-06-12,0.0016342934971764085,16342.93
2024-06-13,0.0017241024022935927,17241.02
2024-06-14,0.0023020171131518203,23020.17
2024-06-18,0.0024901306948905168,24901.31
2024-06-19,-0.0037602810125602778,-37602.81
2024-06-20,0.0009986378697946785,9986.38
2024-06-21,-0.001691046860006449,-16910.47
2024-06-24,0.001414346109605601,14143.46
2024-06-25,0.007781266066405948,77812.66
2024-06-26,0.012065950017818175,120659.5
2024-06-27,0.005839224951401307,58392.25
2024-06-28,-0.001459792064688865,-14597.92
2024-07-01,0.005072846905732628,50728.47
2024-07-02,-0.0013638893711172204,-13638.89
2024-07-03,0.004190192324901705,41901.92
2024-07-04,0.0018969973506421226,18969.97
2024-07-05,0.0033526189120460246,33526.19
2024-07-08,0.0006773568204069451,6773.57
2024-07-09,0.005834093580262617,58340.94
2024-07-10,-0.00586181561995075,-58618.16
2024-07-11,-0.0009269297651704256,-9269.3
2024-07-12,0.00823349152470917,82334.92
2024-07-15,0.0025235791414208336,25235.79
2024-07-16,0.0027203207848109897,27203.21
2024-07-18,0.009823007224840306,98230.07
2024-07-19,-0.008697560535042576,-86975.61
2024-07-22,-0.002839890906747119,-28398.91
2024-07-23,-0.0034643404639449686,-34643.4
2024-07-24,-0.0034271987789008442,-34271.99
2024-07-25,-0.0002470945227933222,-2470.95
2024-07-26,0.017429897656547434,174298.98
2024-07-29,0.001076015727935831,10760.16
2024-07-30,-0.0014132762646997317,-14132.76
2024-07-31,0.004171074774776615,41710.75
2024-08-01,0.0012230389572102343,12230.39
2024-08-02,-0.011709757092046864,-117097.57
2024-08-05,-0.026676028732437455,-266760.29
2024-08-06,-0.0029886467778047375,-29886.47
2024-08-07,0.010325890127334907,103258.9
2024-08-08,-0.005229814279459858,-52298.14
2024-08-09,0.010819433351763294,108194.33
2024-08-12,-0.0021036872507532514,-21036.87
2024-08-13,-0.007087501885524133,-70875.02
2024-08-14,0.003374693863732898,33746.94
2024-08-16,0.01414776847490516,141477.68
2024-08-19,0.0010277965191873959,10277.97
2024-08-20,0.0027079135890237874,27079.14
2024-08-21,0.0017392150871606792,17392.15
2024-08-22,0.0032877051876109313,32877.05
2024-08-23,0.0017080725210510636,17080.73
2024-08-26,0.005938760906328181,59387.61
2024-08-27,0.0011882266030775375,11882.27
2024-08-28,0.001709297070551442,17092.97
2024-08-29,0.0038564697990670633,38564.7
2024-08-30,0.002859364221547692,28593.64
2024-09-02,-0.00017425938176192138,-1742.59
2024-09-03,-6.688607249441894e-06,-66.89
2024-09-04,-0.0013660357469325209,-13660.36
2024-09-05,-0.003336536133210279,-33365.36
2024-09-06,-0.013315196164361958,-133151.96
2024-09-09,0.004384766579743519,43847.67
2024-09-10,0.004673701863552407,46737.02
2024-09-11,-0.004527938810379898,-45279.39
2024-09-12,0.020030702590291005,200307.03
2024-09-13,-0.002889971034006177,-28899.71
2024-09-16,0.0002760790098030822,2760.79
2024-09-17,0.00199223965407206,19922.4
2024-09-18,-0.0020699909287205313,-20699.91
2024-09-19,0.001957103201343792,19571.03
2024-09-20,0.016330013735413606,163300.14
2024-09-23,0.00757510583978361,75751.06
2024-09-24,3.981436215314135e-05,398.14
2024-09-25,0.0019151932560314247,19151.93
2024-09-26,0.008113050994354542,81130.51
2024-09-27,-0.0011970919388927896,-11970.92
2024-09-30,-0.016497514527408205,-164975.15
2024-10-01,-0.0014157494815394975,-14157.49
2024-10-03,-0.020222748194483782,-202227.48
2024-10-04,-0.0096336429821769,-96336.43
2024-10-07,-0.006298216385459513,-62982.16
2024-10-08,0.00829693050295164,82969.31
2024-10-09,-0.002052171083448083,-20521.71
2024-10-10,-0.00038646134497047173,-3864.61
2024-10-11,-0.00254997572174092,-25499.76
2024-10-14,0.005842647797191441,58426.48
2024-10-15,-0.0018874821644411976,-18874.82
2024-10-16,-0.0005514005749382079,-5514.01
2024-10-17,-0.0056482716365089764,-56482.72
2024-10-18,0.0029899086226592153,29899.09
2024-10-21,0.0010526596972278567,10526.6
2024-10-22,-0.012277113319554429,-122771.13
2024-10-23,-0.0036047608240866295,-36047.61
2024-10-24,-0.0027578095004294123,-27578.1
2024-10-25,-0.007063302985313904,-70633.03
2024-10-28,0.008652907026464412,86529.07
2024-10-29,0.004745659499972301,47456.59
2024-10-30,-0.003577242185609391,-35772.42
2024-10-31,-0.006205176166509039,-62051.76
2024-11-01,0.003761747277315527,37617.47
2024-11-04,-0.010796194151248566,-107961.94
2024-11-05,0.0065219591394435955,65219.59
2024-11-06,0.013218546733648938,132185.47
2024-11-07,-0.009270607185546415,-92706.07
2024-11-08,-0.004092211259464317,-40922.11
2024-11-11,-0.0022784875227178938,-22784.88
2024-11-12,-0.008529698343164978,-85296.98
2024-11-13,-0.013348439768462159,-133484.4
2024-11-14,-0.00025741375913082446,-2574.14
2024-11-18,-0.0019832326033737717,-19832.33
2024-11-19,-0.001258139928377041,-12581.4
2024-11-21,-0.006674530084504924,-66745.3
2024-11-22,0.02775237977243454,277523.8
2024-11-25,0.015049218158649388,150492.18
2024-11-26,0.0005005766922942846,5005.77
2024-11-27,0.0005149617873422972,5149.62
2024-11-28,-0.012685197141060658,-126851.97
2024-11-29,0.013682710910589988,136827.11
2024-12-02,0.0061578520718670905,61578.52
2024-12-03,0.005480910792314011,54809.11
2024-12-04,-0.001655448262066187,-16554.48
2024-12-05,0.011582064177892187,115820.64
2024-12-06,-0.0036367672367321763,-36367.67
2024-12-09,-0.00327015375370921,-32701.54
2024-12-10,-0.0016256189352420118,-16256.19
2024-12-11,-0.00017142358083213773,-1714.24
2024-12-12,-0.0036579723107777453,-36579.72
2024-12-13,0.01207543923257074,120754.39
2024-12-16,-0.004604235471033246,-46042.35
2024-12-17,-0.015102604830496486,-151026.05
2024-12-18,-0.004425373742192158,-44253.74
2024-12-19,-0.01053804603180543,-105380.46
2024-12-20,-0.015197593433725034,-151975.93
2024-12-23,0.007303994277954167,73039.94
2024-12-24,-0.0012097912060058352,-12097.91
2024-12-26,0.000702956364440837,7029.56
2024-12-27,0.001891378107291448,18913.78
2024-12-30,-0.0073457779575679255,-73457.78
2024-12-31,-0.0005457103023291013,-5457.1
2025-01-01,0.005396852001994227,53968.52
2025-01-02,0.01519716879939842,151971.69
2025-01-03,-0.007898068743138626,-78980.69
2025-01-06,-0.01626446980688633,-162644.7
2025-01-07,0.004778254102779612,47782.54
2025-01-08,0.0025637144271628888,25637.14
2025-01-09,-0.006380502505973612,-63805.03
2025-01-10,-0.001892468610359132,-18924.69
2025-01-13,-0.011456728705612207,-114567.29
2025-01-14,0.003423796566464443,34237.97
2025-01-15,0.003055243048834993,30552.43
2025-01-16,0.005211853348097813,52118.53
2025-01-17,0.0013861505676719041,13861.51
2025-01-20,0.0032447706380388215,32447.71
2025-01-21,-0.014943425184158608,-149434.25
2025-01-22,0.0068281984092654876,68281.98
2025-01-23,-0.0006783000165274087,-6783.0
2025-01-24,-0.0034628275442730298,-34628.28
2025-01-27,-0.008211662655864404,-82116.63
2025-01-28,0.004270359578109317,42703.6
2025-01-29,0.004364988902481097,43649.89
2025-01-30,0.0077517608534306845,77517.61
2025-01-31,0.009908498478997264,99084.98
2025-02-01,0.00048720786898204694,4872.08
2025-02-03,-0.00533884123108317,-53388.41
2025-02-04,0.01776019601361593,177601.96
2025-02-05,-0.005267569227476639,-52675.69
2025-02-06,-0.005177702079711573,-51777.02
2025-02-07,-0.002305232694529402,-23052.33
2025-02-10,-0.004694031473594019,-46940.31
2025-02-11,-0.012230455829598042,-122304.56
2025-02-12,-0.0017891759822118694,-17891.76
2025-02-13,-0.001200378142737997,-12003.78
2025-02-14,-0.0012612182781825453,-12612.18
2025-02-17,-0.0016797267000239098,-16797.27
2025-02-18,-0.003049714107803853,-30497.14
2025-02-19,-0.0033887794927317284,-33887.79
2025-02-20,-0.0020141280205530103,-20141.28
2025-02-21,-0.005034582216403483,-50345.82
2025-02-24,-0.011794935817473488,-117949.36
2025-02-25,0.0009196560851212931,9196.56
2025-02-27,4.8839002743793864e-05,488.39
2025-02-28,-0.02010853548402366,-201085.35
2025-03-03,-0.002341633323811486,-23416.33
2025-03-04,-0.0006026315298532398,-6026.32
2025-03-05,0.012019001870236766,120190.02
2025-03-06,0.011911425013514715,119114.25
2025-03-07,0.004137248138523852,41372.48
2025-03-10,-0.0026790024096092803,-26790.02
2025-03-11,0.004553741939467791,45537.42
2025-03-12,-0.00261717121765565,-26171.71
2025-03-13,-0.002480346284414546,-24803.46
2025-03-17,0.0011049236536744653,11049.24
2025-03-18,9.78036392406379e-05,978.04
2025-03-19,0.01531499892084667,153149.99
2025-03-20,0.015575874748774084,155758.75
2025-03-21,0.005529061596427396,55290.62
2025-03-24,0.012684597465981206,126845.97
2025-03-25,-0.0015351869467154153,-15351.87
2025-03-26,-0.006780549630039719,-67805.5
2025-03-27,0.0027556940465840014,27556.94
2025-03-28,-0.0023677601324809854,-23677.6
2025-04-01,-0.015261028132639529,-152610.28
2025-04-02,0.006926135383596329,69261.35
2025-04-03,-0.004019905985272555,-40199.06
2025-04-04,-0.01636907780604192,-163690.78
2025-04-07,-0.029169930897029323,-291699.31
2025-04-08,0.015546279294922445,155462.79
2025-04-09,-0.006576901550509905,-65769.02
2025-04-11,0.017171537164821407,171715.37
2025-04-15,0.019145188317506202,191451.88
2025-04-16,0.003109408107666801,31094.08
2025-04-17,0.02063115222843414,206311.52
2025-04-21,0.008569378145842816,85693.78
2025-04-22,0.0015005012888719815,15005.01
2025-04-23,0.008897448105928043,88974.48
2025-04-24,-0.005801451992563126,-58014.52
2025-04-25,-0.005133515423197397,-51335.15
2025-04-28,0.0173969753313294,173969.75
2025-04-29,0.0024989468825096406,24989.47
2025-04-30,0.0033668175989923174,33668.18
2025-05-02,0.0014167731529265391,14167.73
2025-05-05,0.006357587274508903,63575.87
2025-05-06,0.0004767092872268999,4767.09
2025-05-07,-0.002680534318720392,-26805.34
2025-05-08,-0.005926842964867235,-59268.43
2025-05-09,-0.01030248079039126,-103024.81
2025-05-12,0.03447115743102905,344711.57
2025-05-13,-0.01515083965866931,-151508.4
2025-05-14,0.004108586699484573,41085.87
2025-05-15,0.014580545217632374,145805.45
2025-05-16,-0.002876964496637426,-28769.64
2025-05-19,-0.00364263559252834,-36426.36
2025-05-20,-0.009941697640791567,-99416.98
2025-05-21,0.005614235201417619,56142.35
2025-05-22,-0.008114707851035281,-81147.08
2025-05-23,0.007180332192816834,71803.32
2025-05-26,0.006876288976062159,68762.89
2025-05-27,-0.006161373849730604,-61613.74
2025-05-28,-0.0019996052785683787,-19996.05
2025-05-29,0.00343265772224676,34326.58
2025-05-30,-0.0008419413292551012,-8419.41
2025-06-02,-0.0010159908962537368,-10159.91
2025-06-03,-0.006165681382845638,-61656.81
2025-06-04,0.004940268102442786,49402.68
2025-06-05,0.0049963825468971445,49963.83
2025-06-06,0.00591790034635711,59179.0
2025-06-09,0.00202679125605149,20267.91
2025-06-10,-0.0026093880435287186,-26093.88
2025-06-11,0.001685442181267315,16854.42
2025-06-12,-0.008967555207077559,-89675.55
2025-06-13,-0.006736648746010094,-67366.49
2025-06-16,0.00831000624207549,83100.06
2025-06-17,-0.0018918624778894795,-18918.62
2025-06-18,-0.0016903792230085442,-16903.79
2025-06-19,-8.240495811611792e-05,-824.05
2025-06-20,0.014587297110410586,145872.97
2025-06-23,-0.00797178945252207,-79717.89
2025-06-24,0.0010422951289415293,10422.95
2025-06-25,0.01018760193137177,101876.02
2025-06-26,0.010343619157944692,103436.19
2025-06-27,0.007635209262448206,76352.09
2025-06-30,-0.004714628207014197,-47146.28
2025-07-01,0.0029020995481620357,29021.0
2025-07-02,-0.001649555687813355,-16495.56
2025-07-03,-0.0011652991665907124,-11652.99
2025-07-04,0.0036087725693496634,36087.73
2025-07-07,0.0023098292844421953,23098.29
2025-07-08,0.0013170275941753009,13170.28
2025-07-09,-0.0030948496154064586,-30948.5
2025-07-10,-0.005409200880363904,-54092.01
2025-07-11,-0.008906060366745995,-89060.6
2025-07-14,-0.0035758642726677475,-35758.64
2025-07-15,0.005873741471435323,58737.41
2025-07-16,0.0023757003011001233,23757.0
2025-07-17,-0.004628001462963059,-46280.01
2025-07-18,-0.0038875921837689966,-38875.92
2025-07-21,-0.000299244155159587,-2992.44
2025-07-22,-0.003226232776539594,-32262.33
2025-07-23,0.007000081584949475,70000.82
2025-07-24,-0.0068381763469546036,-68381.76
2025-07-25,-0.006301424512121965,-63014.25
2025-07-28,-0.005001996484733874,-50019.96
2025-07-29,0.007930828917434246,79308.29
2025-07-30,0.0037969303715783523,37969.3
2025-07-31,-0.0050695714897587,-50695.71
2025-08-01,-0.007665233335392819,-76652.33
2025-08-04,0.007386056472190206,73860.56
2025-08-05,-0.0034741188869978736,-34741.19
2025-08-06,-0.0015851245491962968,-15851.25
2025-08-07,0.0004783566600982763,4783.57
2025-08-08,-0.011126402689909961,-111264.03
2025-08-11,0.008685984279025354,86859.84
2025-08-12,-0.002001579729944845,-20015.8
2025-08-13,0.003354545758988495,33545.46
2025-08-14,0.0008143060371053707,8143.06
2025-08-18,0.00894021828862541,89402.18
2025-08-19,0.006483763292848941,64837.63
2025-08-20,0.005040531158631749,50405.31
2025-08-21,0.0022755306358943784,22755.31
2025-08-22,-0.008021304437795364,-80213.04
2025-08-25,0.0045890029573556375,45890.03
2025-08-26,-0.009117540043949749,-91175.4
2025-08-28,-0.008700020546110522,-87000.21
2025-08-29,-0.003775414119556596,-37754.14
2025-09-01,0.003993724730115587,39937.25
2025-09-02,-0.0018950212197924115,-18950.21
2025-09-03,0.005259267975118782,52592.68
2025-09-04,0.0003681615016425698,3681.62
2025-09-05,0.0009096404182061574,9096.4
2025-09-08,-0.0007755014146932314,-7755.01
2025-09-09,0.005690167561366314,56901.68
2025-09-10,0.002785951881932005,27859.52
2025-09-11,0.0023923160609792362,23923.16
2025-09-12,0.0029283670677637923,29283.67
2025-09-15,-0.001857111918421338,-18571.12
2025-09-16,0.007768208283542668,77682.08
2025-09-17,0.00556234101515875,55623.41
2025-09-18,0.0032181457616565715,32181.46
2025-09-19,-0.0024032878608715143,-24032.88
2025-09-22,-0.008066872556211356,-80668.73
2025-09-23,-0.0015831498000275434,-15831.5
2025-09-24,-0.003470320532442824,-34703.21
2025-09-25,-0.006136811370282218,-61368.11
2025-09-26,-0.007727464673398611,-77274.65
2025-09-29,-0.001292290183428255,-12922.9
2025-09-30,-0.002603263578989916,-26032.64
2025-10-01,0.005117623594589291,51176.24
2025-10-03,0.0021377492219158585,21377.49
2025-10-06,0.007035413123467976,70354.13
2025-10-07,0.002620439070948867,26204.39
2025-10-08,-0.002178984076319822,-21789.84
2025-10-09,0.005595584837843702,55955.85
2025-10-10,0.0038347612864580278,38347.61
2025-10-13,-0.002641914741483885,-26419.15
2025-10-14,-0.003467916193415357,-34679.16
2025-10-15,0.006146969060463308,61469.69
2025-10-16,0.009142883997502266,91428.84
2025-10-17,0.009379692901431027,93796.93
2025-10-20,0.009430743492817339,94307.43
2025-10-21,-6.997405369660745e-05,-699.74
2025-10-23,2.628279583273492e-05,262.83
2025-10-24,-0.0019002953925530736,-19002.95
2025-10-27,0.010875604694440244,108756.05
2025-10-28,1.034946700106059e-05,103.49
2025-10-29,0.00526832192347347,52683.22
2025-10-30,-0.007699022080333683,-76990.22
2025-10-31,-0.0029625399887236656,-29625.4
2025-11-03,0.0001915906411408186,1915.91
2025-11-04,-0.004186853627990383,-41868.54
2025-11-06,0.0017941864242442373,17941.86
2025-11-07,-0.005061716500613482,-50617.17
2025-11-10,0.005560512741805405,55605.13
2025-11-11,0.006904257844527999,69042.58
2025-11-12,0.007963688825711355,79636.89
2025-11-13,0.0017429764007600738,17429.76
2025-11-14,0.0018292178589421834,18292.18
2025-11-17,0.0031347257939620316,31347.26
2025-11-18,-0.0010896866563121273,-10896.87
2025-11-19,0.006881122586484477,68811.23
2025-11-20,0.004174299824622546,41743.0
2025-11-21,-0.0020720347900464653,-20720.35
2025-11-24,-0.0036335554130129547,-36335.55
2025-11-25,-0.0017308287941983124,-17308.29
2025-11-26,0.009468396902765611,94683.97
2025-11-27,-0.0007027326545393039,-7027.33
2025-11-28,0.0009878184805005117,9878.18
2025-12-01,-0.0019919626665573405,-19919.63
2025-12-02,-0.004440307366184308,-44403.07
2025-12-03,-0.001400553421460619,-14005.53
2025-12-04,0.0021130413337259266,21130.41
2025-12-05,0.004285811014731554,42858.11
2025-12-08,-0.005672017605070011,-56720.18
2025-12-09,-0.006807406743291713,-68074.07
2025-12-10,-0.0022922635393309906,-22922.64
2025-12-11,0.003990215822406373,39902.16
2025-12-12,0.005003614804375782,50036.15
2025-12-15,2.2379057715929092e-05,223.79
2025-12-16,-0.0029593718461772625,-29593.72
2025-12-17,0.00047532274843534243,4753.23
2025-12-18,-0.0013054353251597407,-13054.35
2025-12-19,0.005420222817152412,54202.23
2025-12-22,0.008645706519968516,86457.07
2025-12-23,-0.001924153091763695,-19241.53
2025-12-24,-0.002598177521263288,-25981.78
2025-12-26,-0.004920090594069638,-49200.91
2025-12-29,-0.00417008428018888,-41700.84
2025-12-30,0.001466745131618909,14667.45
2025-12-31,0.005852375560301626,58523.76
2026-01-01,-0.00018912628970580692,-1891.26
2026-01-02,0.0070856908122134965,70856.91
2026-01-05,-0.002741017128763559,-27410.17
2026-01-06,-0.0030525214677431917,-30525.21
2026-01-07,-0.003277894293897638,-32778.94
2026-01-08,-0.011998589810121285,-119985.9
2026-01-09,-0.006189253781325157,-61892.54
2026-01-12,0.006121942513138481,61219.43
2026-01-13,-0.004275393749302676,-42753.94
2026-01-14,-0.006106492773253541,-61064.93
2026-01-15,0.0,0.0
2026-01-16,0.0027778076998159753,27778.08
2026-01-19,-0.006737037781324004,-67370.38
2026-01-20,-0.01216714959168241,-121671.5
2026-01-21,-0.0034126143398903815,-34126.14
2026-01-22,0.004974018364833164,49740.18
2026-01-23,-0.006280228961008493,-62802.29
2026-01-27,0.0013534312922182069,13534.31
2026-01-28,0.0016545038165738468,16545.04
2026-01-29,-0.001047146874562934,-10471.47
2026-01-30,-0.0014014223026006221,-14014.22
2026-02-02,-0.005871032753420638,-58710.33
2026-02-03,0.02420791980364758,242079.2
2026-02-04,7.127515628143775e-05,712.75
2026-02-05,-0.005534615286281639,-55346.15
2026-02-06,0.0032538215385767687,32538.22
2026-02-09,0.008523308093990123,85233.08
2026-02-10,0.0016956622994576073,16956.62
2026-02-11,0.001433082541380161,14330.83
2026-02-12,-0.009340715000862499,-93407.15
2026-02-13,-0.013690631541631531,-136906.32
2026-02-16,0.008090038979545673,80900.39
2026-02-17,0.0014753445886655574,14753.45
2026-02-18,0.004142538762062867,41425.39
2026-02-19,-0.014309487767231219,-143094.88
2026-02-20,0.003913792913984108,39137.93
2026-02-23,0.005300534414442305,53005.34
2026-02-24,-0.0130919678554491,-130919.68
2026-02-25,-0.0010919283533581973,-10919.28
2026-02-26,0.002879164822890849,28791.65
2026-02-27,-0.012981651836668412,-129816.52
2026-03-02,-0.013358268751101436,-133582.69
2026-03-04,-0.010221505885040357,-102215.06
2026-03-05,0.01053560526100185,105356.05
2026-03-06,-0.011204160581914513,-112041.61
2026-03-09,-0.013936564902932574,-139365.65
2026-03-10,0.005003319838347007,50033.2
2026-03-11,-0.015763636913646642,-157636.37
2026-03-12,-0.00979666737349815,-97966.67
2026-03-13,-0.01739038750931596,-173903.88
2026-03-16,0.010798737440142973,107987.37
2026-03-17,0.006742439160873394,67424.39
2026-03-18,0.007490517031064732,74905.17
2026-03-19,-0.029444961130457657,-294449.61
2026-03-20,0.007541599910423302,75416.0
2026-03-23,-0.020845653651674376,-208456.54
2026-03-24,0.013675118533728731,136751.19
2026-03-25,0.015265093991422073,152650.94
2026-03-27,-0.022187705944060845,-221877.06
2026-03-30,-0.020072721091757468,-200727.21
2026-04-01,0.015616996001513303,156169.96
2026-04-02,0.0008899317968950938,8899.32
2026-04-06,0.003924957383699323,39249.57
2026-04-07,0.00851249191971219,85124.92
2026-04-08,0.033997912025170725,339979.12
2026-04-09,-0.010290465328164787,-102904.65
2026-04-10,0.00924011025332699,92401.1
2026-04-13,-0.010807115561406837,-108071.16
2026-04-15,0.015071934132676598,150719.34
2026-04-16,-0.00197239965480131,-19724.0
2026-04-17,0.007557536186988676,75575.36
2026-04-20,0.0013090829006712232,13090.83
2026-04-21,0.008095595067911231,80955.95
2026-04-22,-0.008780027342839314,-87800.27
2026-04-23,-0.009067115860483222,-90671.16
2026-04-24,-0.015655519504004158,-156555.2
2026-04-27,0.01367049043102912,136704.9
2026-04-28,-0.0025367019912111853,-25367.02
2026-04-29,0.01225506960931387,122550.7
2026-04-30,-0.005517404098448913,-55174.04
2026-05-01,0.0,0.0
2026-05-04,0.003536852278401852,35368.52
2026-05-05,-0.003837863233263698,-38378.63
2026-05-06,0.010194177698020238,101941.78
2026-05-07,-0.002617696369562148,-26176.96
2026-05-08,-0.008452950965921953,-84529.51
2026-05-11,-0.018403120683814396,-184031.21
2026-05-12,-0.016872809362731316,-168728.09
2026-05-13,0.0008381643442084046,8381.64
2026-05-14,0.010667853854839046,106678.54
2026-05-15,-0.0006437917212729076,-6437.92
2026-05-18,0.0005122947338174476,5122.95
2026-05-19,-0.0012475992509315176,-12475.99
2026-05-20,0.002824642270542541,28246.42
2026-05-21,-0.0027238555662410942,-27238.56
2026-05-22,0.0012002734319763297,12002.73
2026-05-25,0.012035514872416183,120355.15
2026-05-26,-0.006395628124601453,-63956.28
2026-05-27,-0.0027559402037157636,-27559.4
2026-05-28,0.0,0.0
2026-05-29,-0.014027371299801757,-140273.71
2026-06-01,-0.005515745952346145,-55157.46
2026-06-02,0.008620252682332791,86202.53
2026-06-03,-0.0057475257090833995,-57475.26
2026-06-04,-0.001042483488795911,-10424.83
2026-06-05,-0.0029208892126279373,-29208.89
2026-06-08,-0.009828849953888413,-98288.5
