ticker,sector,market_cap_inr,weight,rupee_allocation
RELIANCE.NS,Energy,17095573110784.0,0.16940261111751453,1694026.11
TCS.NS,IT,7783952941056.0,0.07713236312615619,771323.63
INFY.NS,IT,4808123088896.0,0.04764441651386314,476444.17
HDFCBANK.NS,Banking,11373394264064.0,0.1127006783051947,1127006.78
ICICIBANK.NS,Banking,8964994498560.0,0.08883548196183111,888354.82
SBIN.NS,Banking,9064005238784.0,0.08981659431260941,898165.94
HINDUNILVR.NS,FMCG,4957872848896.0,0.04912830946052422,491283.09
ITC.NS,FMCG,3501360152576.0,0.03469550558296505,346955.06
LT.NS,Infra,5331402358784.0,0.05282966968368966,528296.7
BHARTIARTL.NS,Telecom,11045666029568.0,0.10945316982444454,1094531.7
MARUTI.NS,Auto,4059565916160.0,0.0402268506440046,402268.51
M&M.NS,Auto,3561460858880.0,0.03529105254193083,352910.53
SUNPHARMA.NS,Pharma,4291930357760.0,0.04252938492482802,425293.85
TATASTEEL.NS,Metals,2528293158912.0,0.025053238052608357,250532.38
ASIANPAINT.NS,Consumer,2549226930176.0,0.02526067394783561,252606.74
