date,pred_VaR99_inr,pred_VaR95_inr,pred_CVaR99_inr,actual_return_%,actual_PnL_inr,within_99,within_95
2026-03-02,223017,137219,283593,-1.34,-133583,yes,yes
2026-03-04,238304,146848,302874,-1.02,-102215,yes,yes
2026-03-05,241700,148986,307157,1.05,105356,yes,yes
2026-03-06,241106,148612,306409,-1.12,-112042,yes,yes
2026-03-09,246769,152180,313552,-1.39,-139366,yes,yes
2026-03-10,259842,160414,330041,0.5,50033,yes,yes
2026-03-11,248428,153224,315644,-1.58,-157636,yes,BREACH
2026-03-12,267451,165207,339639,-0.98,-97967,yes,yes
2026-03-13,266025,164308,337840,-1.74,-173904,yes,BREACH
2026-03-16,287607,177902,365062,1.08,107987,yes,yes
2026-03-17,282220,174508,358266,0.67,67424,yes,yes
2026-03-18,270728,167271,343772,0.75,74905,yes,yes
2026-03-19,261313,161340,331897,-2.94,-294450,BREACH,BREACH
2026-03-20,338041,209669,428676,0.75,75416,yes,yes
2026-03-23,322615,199952,409218,-2.08,-208457,yes,BREACH
2026-03-24,346180,214795,438942,1.37,136751,yes,yes
2026-03-25,340333,211112,431567,1.53,152651,yes,yes
2026-03-27,338844,210174,429688,-2.22,-221877,yes,BREACH
2026-03-30,364293,226203,461787,-2.01,-200727,yes,yes
2026-04-01,378123,234915,479232,1.56,156170,yes,yes
2026-04-02,372990,231682,472758,0.09,8899,yes,yes
2026-04-06,350997,217829,445017,0.39,39250,yes,yes
2026-04-07,331427,205502,420333,0.85,85125,yes,yes
2026-04-08,317831,196939,403184,3.4,339979,yes,yes
2026-04-09,391534,243362,496148,-1.03,-102905,yes,yes
2026-04-10,377866,234753,478908,0.92,92401,yes,yes
2026-04-13,361156,224228,457831,-1.08,-108071,yes,yes
2026-04-15,351432,218103,445566,1.51,150719,yes,yes
2026-04-16,348142,216031,441417,-0.2,-19724,yes,yes
2026-04-17,328689,203778,416879,0.76,75575,yes,yes
2026-04-20,314089,194582,398464,0.13,13091,yes,yes
2026-04-21,296492,183498,376269,0.81,80956,yes,yes
2026-04-22,285512,176582,362419,-0.88,-87800,yes,yes
2026-04-23,279830,173004,355253,-0.91,-90671,yes,yes
2026-04-24,275360,170188,349615,-1.57,-156555,yes,yes
2026-04-27,289262,178944,367149,1.37,136705,yes,yes
2026-04-28,290221,179549,368359,-0.25,-25367,yes,yes
2026-04-29,275656,170374,349988,1.23,122551,yes,yes
2026-04-30,274862,169874,348986,-0.55,-55174,yes,yes
2026-05-01,264748,163504,336229,0.0,0,yes,yes
2026-05-04,251062,154883,318966,0.35,35369,yes,yes
2026-05-05,239239,147437,304054,-0.38,-38379,yes,yes
2026-05-06,230315,141816,292797,1.02,101942,yes,yes
2026-05-07,230364,141847,292860,-0.26,-26177,yes,yes
2026-05-08,220994,135945,281041,-0.85,-84530,yes,yes
2026-05-11,222281,136755,282664,-1.84,-184031,yes,BREACH
2026-05-12,257236,158773,326755,-1.69,-168728,yes,BREACH
2026-05-13,278603,172231,353705,0.08,8382,yes,yes
2026-05-14,263730,162862,334945,1.07,106679,yes,yes
2026-05-15,260777,161002,331220,-0.06,-6438,yes,yes
2026-05-18,247589,152696,314586,0.05,5123,yes,yes
2026-05-19,235221,144906,298987,-0.12,-12476,yes,yes
2026-05-20,224437,138113,285383,0.28,28246,yes,yes
2026-05-21,214492,131849,272840,-0.27,-27239,yes,yes
2026-05-22,206693,126937,263003,0.12,12003,yes,yes
2026-05-25,197804,121338,251791,1.2,120355,yes,yes
2026-05-26,207469,127426,263982,-0.64,-63956,yes,yes
2026-05-27,205921,126451,262029,-0.28,-27559,yes,yes
2026-05-28,198977,122077,253270,0.0,0,yes,yes
2026-05-29,190878,116976,243055,-1.4,-140274,yes,BREACH
2026-06-01,215029,132188,273518,-0.55,-55157,yes,yes
2026-06-02,210972,129632,268400,0.86,86203,yes,yes
2026-06-03,209959,128994,267122,-0.57,-57475,yes,yes
2026-06-04,206880,127055,263238,-0.1,-10425,yes,yes
2026-06-05,198487,121768,252652,-0.29,-29209,yes,yes
2026-06-08,192453,117968,245042,-0.98,-98288,yes,yes
