confidence,horizon,method,VaR_pct,CVaR_pct,VaR_inr,CVaR_inr
95%,1-day,Historical,1.502,2.438,150167.0,243780.0
95%,1-day,Normal,1.722,2.176,172240.0,217645.0
95%,1-day,Student-t,1.471,2.3,147131.0,229981.0
95%,1-day,MonteCarlo,1.724,2.17,172406.0,216954.0
95%,1-day,GARCH-t,1.242,1.732,124245.0,173167.0
95%,1-week,Historical,3.358,5.451,335783.0,545108.0
95%,1-week,Normal,3.851,4.867,385141.0,486670.0
95%,1-week,Student-t,3.29,5.143,328994.0,514254.0
95%,1-week,MonteCarlo,3.855,4.851,385512.0,485124.0
95%,1-week,GARCH-t,2.778,3.872,277821.0,387214.0
99%,1-day,Historical,2.759,4.561,275942.0,456137.0
99%,1-day,Normal,2.463,2.831,246292.0,283114.0
99%,1-day,Student-t,2.703,3.878,270255.0,387837.0
99%,1-day,MonteCarlo,2.458,2.801,245793.0,280135.0
99%,1-day,GARCH-t,2.012,2.549,201218.0,254901.0
99%,1-week,Historical,6.17,10.2,617024.0,1019954.0
99%,1-week,Normal,5.507,6.331,550726.0,633061.0
99%,1-week,Student-t,6.043,8.672,604309.0,867231.0
99%,1-week,MonteCarlo,5.496,6.264,549609.0,626401.0
99%,1-week,GARCH-t,4.499,5.7,449937.0,569976.0
