ticker,sector,weight_%,risk_contrib_%,risk/weight,component_VaR_inr,standalone_VaR_inr
RELIANCE.NS,Energy,16.94,19.86,1.17,50213.0,68906.0
SBIN.NS,Banking,8.98,11.67,1.3,29488.0,41479.0
HDFCBANK.NS,Banking,11.27,11.08,0.98,28010.0,39891.0
ICICIBANK.NS,Banking,8.88,11.05,1.24,27933.0,38357.0
BHARTIARTL.NS,Telecom,10.95,10.71,0.98,27085.0,46626.0
LT.NS,Infra,5.28,5.59,1.06,14143.0,20980.0
TCS.NS,IT,7.71,5.38,0.7,13606.0,27567.0
MARUTI.NS,Auto,4.02,4.1,1.02,10366.0,16734.0
M&M.NS,Auto,3.53,4.0,1.13,10104.0,16512.0
INFY.NS,IT,4.76,3.69,0.77,9317.0,19117.0
TATASTEEL.NS,Metals,2.51,3.1,1.24,7833.0,13140.0
SUNPHARMA.NS,Pharma,4.25,2.88,0.68,7285.0,16921.0
HINDUNILVR.NS,FMCG,4.91,2.8,0.57,7088.0,16184.0
ITC.NS,FMCG,3.47,2.3,0.66,5803.0,12040.0
ASIANPAINT.NS,Consumer,2.53,1.78,0.71,4509.0,9186.0
